     1                                  ; =================================================================
     2                                  ; V53 RAM Monitor for DVE-554 v0.3 2026-05-02
     3                                  ; Target: DVE-554 SIO VME Board
     4                                  ; =================================================================
     5                                  
     6                                  ; --- ビルド方法 ---
     7                                  ; Real:   nasm -f bin v53sio_ram_mon.asm -o v53sio_ram_mon.bin -l v53sio_ram_mon.lst
     8                                  ; objcopy -I binary -O ihex --change-addresses=0x0000 v53sio_ram_mon.bin v53sio_ram_mon.hex
     9                                  ; -----------------
    10                                  
    11                                  ; 接続:
    12                                  ;   MPSC#1 INT(Lアクティブ) --[74LS04]--> V53 INTP4 (Hアクティブ)
    13                                  ;   MPSC#2 INT(Lアクティブ) --[74LS04]--> V53 INTP5 (Hアクティブ)
    14                                  ;   MPSC#1 INTAK ----------> V53 INTAK (共通)
    15                                  ;   MPSC#2 INTAK ----------> V53 INTAK (共通)
    16                                  ;
    17                                  ; IOアドレス:
    18                                  ;   MPSC#1 Ch.A CTRL 0x00A2  DATA 0x00A0
    19                                  ;   MPSC#1 Ch.B CTRL 0x00A6  DATA 0x00A4
    20                                  ;   MPSC#2 Ch.A CTRL 0x00AA  DATA 0x00A8
    21                                  ;   MPSC#2 Ch.B CTRL 0x00AE  DATA 0x00AC
    22                                  ;   V53 ICU     REG0 0x00C0  REG1 0x00C2
    23                                  ;
    24                                  ; 割り込みベクタ:
    25                                  ;   ICU Vector base = 0x20
    26                                  ;     TCU TOUT0(INTP0) → INT 0x20 
    27                                  ;   MPSC#1 Vector base = 0x28
    28                                  ;   MPSC#2 Vector base = 0x30
    29                                  
    30                                      org 0
    31                                      cpu 186
    32                                  
    33                                      ; V53 ICU (00C0Hに配置)
    34                                      %define ICU_REG0    0x000C0
    35                                      %define ICU_REG1    0x000C2
    36                                  
    37                                      ; V53 TCU (00D0Hに配置)
    38                                      %define TM0_CNT     0x000D0 ; Timer 0 Counter
    39                                      %define TM1_CNT     0x000D2 ; Timer 1 Counter
    40                                      %define TM2_CNT     0x000D4 ; Timer 2 Counter
    41                                      %define TM_CTL      0x000D6 ; Timer Control
    42                                  
    43                                      ; V53 DMAU (00E0Hに配置)
    44                                      ; DMAUはモニタでは使用しないため、レジスタ定義は省略します。
    45                                  
    46                                      ; V53 SCU (00F0Hに配置）
    47                                      ; SCUはモニタでは使用しないため、レジスタ定義は省略します。
    48                                  
    49                                      ; uPD72001 MPSC #1
    50                                      %define MPSC1_A_DATA 0x00A0 ; MPSC #1 Channel A Data Register
    51                                      %define MPSC1_A_CTRL 0x00A2 ; MPSC #1 Channel A Control Register
    52                                      %define MPSC1_B_DATA 0x00A4 ; MPSC #1 Channel B Data Register
    53                                      %define MPSC1_B_CTRL 0x00A6 ; MPSC #1 Channel B Control Register
    54                                  
    55                                      ; uPD72001 MPSC #2
    56                                      %define MPSC2_A_DATA 0x00A8 ; MPSC #2 Channel A Data Register
    57                                      %define MPSC2_A_CTRL 0x00AA ; MPSC #2 Channel A Control Register
    58                                      %define MPSC2_B_DATA 0x00AC ; MPSC #2 Channel B Data Register
    59                                      %define MPSC2_B_CTRL 0x00AE ; MPSC #2 Channel B Control Register
    60                                  
    61                                      %define TX_READY   0x04
    62                                      %define RX_READY   0x01
    63                                  
    64                                      %define RX_BUF_SIZE 64
    65                                  
    66                                  section .text
    67                                  
    68                                  start:
    69 00000000 FA                          cli             ; 初期化中は割り込み禁止
    70 00000001 FC                          cld             ; 文字列操作で方向フラグをクリアしておく
    71                                  
    72                                      ; ---------------------------------------------
    73                                      ; 1. セグメントレジスタ初期化
    74                                      ; ---------------------------------------------
    75 00000002 0E                          push cs     ; CS -> DS
    76 00000003 1F                          pop ds
    77 00000004 0E                          push cs     ; CS -> ES
    78 00000005 07                          pop es
    79 00000006 8CC8                        mov ax, cs  ; CS -> SS
    80 00000008 8ED0                        mov ss, ax
    81 0000000A BCFF7F                      mov sp, 0x7FFF
    82                                      ; ------------------------------
    83                                  
    84 0000000D E84B06                      call v53_sysreg_init    ; 2. V53 システムレジスタ初期化
    85 00000010 E89B06                      call v53_tcu_init       ; 3. V53 TCU初期化
    86 00000013 E8E006                      call v53_icu_init       ; 4. V53 ICU初期化
    87 00000016 E8CE06                      call dve554_io_init     ; 5. 物理IOの初期化（詳細不明）
    88 00000019 E8F303                      call int_vector_init    ; 6. 割り込みベクタの初期化
    89 0000001C E8FE06                      call mpsc_init          ; 7. MPSC初期化
    90                                  
    91 0000001F FB                          sti
    92                                  
    93                                      ; 変数初期化 (RAMエリアをクリア)
    94 00000020 C706[A209]0000              mov word [dump_seg], 0x0000
    95 00000026 C706[A409]0000              mov word [dump_off], 0x0000
    96 0000002C C706[A609]0020              mov word [load_seg], 0x2000
    97 00000032 C706[9E09]0000              mov word [head_ptr], 0x0000
    98 00000038 C706[AC09]0000              mov word [intsys_flag], 0x0000
    99                                  
   100                                      ; スタートメッセージの表示
   101 0000003E BE[2408]                    mov si, msg_boot
   102 00000041 E8EC02                      call puts
   103                                  
   104                                  ; =================================================================
   105                                  ; Main Loop
   106                                  ; =================================================================
   107                                  monitor_loop:
   108 00000044 B03E                        mov al, '>'
   109 00000046 E8F502                      call putc
   110 00000049 B020                        mov al, ' '
   111 0000004B E8F002                      call putc
   112                                  
   113 0000004E E83403                      call getc_echo  ; コマンド受信（エコーあり）
   114 00000051 88C3                        mov bl, al
   115                                      
   116 00000053 80FB64                      cmp bl, 'd'     ; dump command
   117 00000056 747A                        je do_dump
   118 00000058 80FB44                      cmp bl, 'D'
   119 0000005B 7475                        je do_dump
   120                                      
   121 0000005D 80FB6C                      cmp bl, 'l'     ; load command
   122 00000060 7503E9D000                  je do_load
   123 00000065 80FB4C                      cmp bl, 'L'
   124 00000068 7503E9C800                  je do_load
   125                                      
   126 0000006D 80FB67                      cmp bl, 'g'     ; go command
   127 00000070 7503E94401                  je do_go
   128 00000075 80FB47                      cmp bl, 'G'
   129 00000078 7503E93C01                  je do_go
   130                                  
   131 0000007D 80FB77                      cmp bl, 'w'     ; Write command
   132 00000080 7503E96001                  je do_write
   133 00000085 80FB57                      cmp bl, 'W'
   134 00000088 7503E95801                  je do_write
   135                                  
   136 0000008D 3C69                        cmp al, 'i'     ; Input Port command
   137 0000008F 7503E99401                  je do_in
   138 00000094 3C49                        cmp al, 'I'
   139 00000096 7503E98D01                  je do_in
   140                                  
   141 0000009B 3C6F                        cmp al, 'o'     ; Output Port command
   142 0000009D 7503E9AA01                  je do_out
   143 000000A2 3C4F                        cmp al, 'O'
   144 000000A4 7503E9A301                  je do_out
   145                                  
   146 000000A9 3C73                        cmp al, 's'     ; Scan I/O command
   147 000000AB 7503E9C601                  je do_scan
   148 000000B0 3C53                        cmp al, 'S'
   149 000000B2 7503E9BF01                  je do_scan
   150                                  
   151 000000B7 3C74                        cmp al, 't'     ; Scan Timer wait command
   152 000000B9 7503E92302                  je do_timer
   153 000000BE 3C54                        cmp al, 'T'
   154 000000C0 7503E91C02                  je do_timer
   155                                  
   156 000000C5 3C3F                        cmp al, '?'     ; Help
   157 000000C7 7503E95802                  je cmd_help
   158                                  
   159                                      ; 知らないコマンドなら改行して戻る
   160 000000CC E8BF02                      call putc_crlf
   161 000000CF E972FF                      jmp monitor_loop
   162                                  
   163                                  ; =================================================================
   164                                  ; Command: Dump Memory
   165                                  ; Usage:
   166                                  ;   D               -> Dump next 64 bytes
   167                                  ;   D <Seg> <Off>   -> Set address and dump (e.g., D 0000 8000)
   168                                  ; =================================================================
   169                                  do_dump:
   170 000000D2 E8B002                      call getc_echo      ; 区切り文字受信 (Space or Enter)
   171 000000D5 3C0D                        cmp al, 0x0D        ; Enterならすぐ実行
   172 000000D7 7418                        je .dump_run
   173 000000D9 3C20                        cmp al, ' '         ; Spaceなら引数解析
   174 000000DB 7405                        je .parse_args
   175                                      
   176                                      ; それ以外なら無視して実行へ（またはエラー処理）
   177 000000DD E8AE02                      call putc_crlf
   178 000000E0 EB12                        jmp .dump_run_start
   179                                  
   180                                  .parse_args:
   181 000000E2 E8D702                      call get_hex_word
   182 000000E5 A3[A209]                    mov [dump_seg], ax
   183 000000E8 E81703                      call skip_space
   184 000000EB E8CE02                      call get_hex_word
   185 000000EE A3[A409]                    mov [dump_off], ax
   186                                      ; ここでEnter待ちをするか、そのまま実行するか
   187                                      ; 今回はパラメータ入力後にEnterを押したと仮定して改行
   188                                      
   189                                  .dump_run:
   190 000000F1 E89A02                      call putc_crlf              ; 実行直前に改行
   191                                  
   192                                  .dump_run_start:
   193 000000F4 B90400                      mov cx, 4                   ; 4行表示する
   194                                      
   195                                  .line_loop:
   196 000000F7 51                          push cx
   197                                      
   198 000000F8 A1[A209]                    mov ax, [dump_seg]          ; セグメントの表示
   199 000000FB E89902                      call print_hex_word
   200 000000FE B03A                        mov al, ':'                 ; 区切り文字の:を表示
   201 00000100 E83B02                      call putc
   202 00000103 A1[A409]                    mov ax, [dump_off]          ; オフセットの表示
   203 00000106 E88E02                      call print_hex_word
   204 00000109 B020                        mov al, ' '                 ; 区切り文字のスペースを表示
   205 0000010B E83002                      call putc
   206                                  
   207 0000010E 8B36[A409]                  mov si, [dump_off]          ; DS変更前に、モニタ変数からオフセットをSIにロード
   208                                  
   209 00000112 1E                          push ds                     ; モニタのDSを保存
   210 00000113 8E1E[A209]                  mov ds, [dump_seg]          ; DSをターゲットセグメントに変更
   211                                      
   212 00000117 B91000                      mov cx, 16                  ; 16回繰り返すカウンタ
   213                                  .hex_loop:
   214 0000011A 8A04                        mov al, [si]
   215 0000011C E87F02                      call print_hex_byte         ; メモリ内容の表示
   216 0000011F B020                        mov al, ' '                 ; 区切り文字のスペースを表示
   217 00000121 E81A02                      call putc
   218 00000124 46                          inc si                      ; 次のアドレスにする
   219 00000125 E2F3                        loop .hex_loop              ; 16回繰り返し    
   220                                  
   221 00000127 1F                          pop ds                      ; DSをモニタ用に戻す
   222                                  
   223 00000128 8936[A409]                  mov [dump_off], si          ; DS復帰後に、SIの値をモニタ変数に保存
   224                                  
   225 0000012C E85F02                      call putc_crlf              ; 改行する
   226 0000012F 59                          pop cx
   227 00000130 E2C5                        loop .line_loop             ; 4回繰り返す
   228                                      
   229 00000132 E90FFF                      jmp monitor_loop            ; モニタのメインルーチンに飛ぶ
   230                                  
   231                                  ; =================================================================
   232                                  ; Command: Load Intel HEX
   233                                  ; Usage:
   234                                  ;   L           -> Load to default segment (load_seg)
   235                                  ;   L <Seg>     -> Set segment and Load (e.g., L 2000)
   236                                  ; =================================================================
   237                                  do_load:
   238                                      ; 一時的に ES をロード先にするため、デフォルト値をAXへ退避
   239 00000135 A1[A609]                    mov ax, [load_seg]
   240 00000138 06                          push es             ; RAM用ESを保存
   241 00000139 50                          push ax             ; デフォルトセグメントを保存
   242                                      
   243 0000013A E84802                      call getc_echo
   244 0000013D 3C20                        cmp al, ' '         ; スペースがあればパラメタ付きと判断
   245 0000013F 7402                        je .parse_seg
   246 00000141 EB05                        jmp .start_load
   247                                  
   248                                  .parse_seg:
   249 00000143 58                          pop ax              ; 不要になったデフォルトを捨てる
   250 00000144 E87502                      call get_hex_word   ; 新しいセグメント取得
   251 00000147 50                          push ax             ; 保存
   252                                  
   253                                  .start_load:
   254 00000148 E84302                      call putc_crlf      ; メッセージ表示前に改行
   255 0000014B BE[5C08]                    mov si, msg_load    ; ロード開始メッセージを表示
   256 0000014E E8DF01                      call puts
   257                                      
   258 00000151 58                          pop ax
   259 00000152 8EC0                        mov es, ax          ; ロード先をESに設定
   260                                      
   261                                      ; ターゲット表示
   262 00000154 E84002                      call print_hex_word ; ESの値を表示
   263 00000157 B03A                        mov al, ':'         ; 区切り文字を表示
   264 00000159 E8E201                      call putc
   265 0000015C B030                        mov al, '0'         ; 本来は0000だが、0と簡易表示
   266 0000015E E8DD01                      call putc
   267 00000161 E82A02                      call putc_crlf
   268                                  
   269                                  .wait_record:
   270 00000164 E8E801                      call getc           ; 開始文字を待つ
   271 00000167 3C3A                        cmp al, ':'
   272 00000169 75F9                        jne .wait_record
   273                                  
   274 0000016B E87302                      call get_hex_byte   ; データ長を読み込み
   275 0000016E 88C1                        mov cl, al          ; データ長をcxレジスタに設定
   276 00000170 B500                        mov ch, 0
   277                                      
   278 00000172 E86C02                      call get_hex_byte   ; 上位アドレスを読み込み
   279 00000175 88C7                        mov bh, al
   280 00000177 E86702                      call get_hex_byte   ; 下位アドレスを読み込み
   281 0000017A 88C3                        mov bl, al
   282                                      
   283 0000017C E86202                      call get_hex_byte   ; レコードタイプを読み込み
   284 0000017F 3C01                        cmp al, 01          ; End of File?
   285 00000181 7422                        je .handle_eof      ; EOFの処理へ
   286 00000183 3C00                        cmp al, 00          ; Data Record?
   287 00000185 7523                        jne .skip_line      ; その他はスキップ
   288                                      
   289 00000187 E312                        jcxz .read_chk      ; データ長がゼロならチェックサム読み込み処理
   290                                      
   291                                  .data_loop:
   292 00000189 E85502                      call get_hex_byte   ; 1バイト読み取り
   293 0000018C 268807                      mov [es:bx], al     ; ターゲット(ES)へ書き込み
   294 0000018F 43                          inc bx              ; 次のアドレスにする
   295                                      ; --- 追加: 64KBの境界チェック ---
   296 00000190 7507                        jnz .loop_next      ; bxが0にならなければそのまま
   297 00000192 8CC0                        mov ax, es          ; bxが0(一周)したら
   298 00000194 050010                      add ax, 0x1000      ; セグメントを64KB分(0x1000)進める
   299 00000197 8EC0                        mov es, ax
   300                                      ; -----------------------------
   301                                  
   302                                  .loop_next:
   303 00000199 E2EE                        loop .data_loop     ; データ長分繰り返す
   304                                      
   305                                  .read_chk:
   306 0000019B E84302                      call get_hex_byte   ; チェックサム読み取り（読み飛ばし）
   307 0000019E B02E                        mov al, '.'         ; 1行読んだことを示す"."を出力
   308 000001A0 E89B01                      call putc
   309 000001A3 EBBF                        jmp .wait_record    ; 次のレコード読み取りへ
   310                                  
   311                                  .handle_eof:            ; EOFの場合
   312 000001A5 E83902                      call get_hex_byte   ; チェックサムを読み飛ばす
   313 000001A8 EB02                        jmp .finish         ; 読み込み終了処理へ
   314                                  
   315                                  .skip_line:
   316 000001AA EBB8                        jmp .wait_record    ; 次のレコード読み込みへ
   317                                  
   318                                  .finish:
   319 000001AC 07                          pop es              ; RAM用ESを復帰
   320 000001AD E8DE01                      call putc_crlf
   321 000001B0 BE[6808]                    mov si, msg_ok      ; "OK"を表示
   322 000001B3 E87A01                      call puts
   323 000001B6 E98BFE                      jmp monitor_loop    ; モニタのメインルーチンに飛ぶ
   324                                  
   325                                  ; =================================================================
   326                                  ; Command: Execute
   327                                  ; Usage:
   328                                  ;   G <Seg> <Off>
   329                                  ; Example: G 1000 0000
   330                                  ; =================================================================
   331                                  do_go:
   332                                      ; Gコマンドは入力後に改行
   333                                      
   334 000001B9 E8C901                      call getc_echo      ; Space?
   335 000001BC 3C20                        cmp al, ' '
   336 000001BE 751F                        jne .go_default     ; 引数なしならリターン(またはエラー)
   337                                      
   338                                      ; 1. セグメント (SSSS) を取得
   339 000001C0 E8F901                      call get_hex_word   ; AX = Segment
   340 000001C3 50                          push ax             ; スタックに積む (あとでRETFでCSになる)
   341 000001C4 89C3                        mov bx, ax          ; DS/ES用のために保存しておく
   342                                      
   343                                      ; スペース読み飛ばし (もしあれば)
   344 000001C6 E83902                      call skip_space
   345                                      
   346                                      ; 2. オフセット (OOOO) を取得
   347 000001C9 E8F001                      call get_hex_word   ; AX = Offset
   348 000001CC 50                          push ax             ; スタックに積む (あとでRETFでIPになる)
   349                                      
   350 000001CD E8BE01                      call putc_crlf      ; 実行前に改行
   351 000001D0 BE[6B08]                    mov si, msg_go
   352 000001D3 E85A01                      call puts
   353 000001D6 E8B501                      call putc_crlf
   354                                      
   355                                      ; 3. 実行環境のセットアップ
   356                                      ; ジャンプ先のプログラムのために、DS, ES もセグメントに合わせておくのが親切
   357 000001D9 8EDB                        mov ds, bx
   358 000001DB 8EC3                        mov es, bx
   359                                  
   360                                      ; 必要なら割り込み禁止 (OSが自分でセットアップするまで黙らせる)
   361 000001DD FA                          cli
   362                                  
   363                                      ; 4. ジャンプ！ (Far Return)
   364                                      ; スタック上の [IP, CS] をポップして、そこへ飛ぶ
   365 000001DE CB                          retf                ; Jump!
   366                                  
   367                                  .go_default:
   368 000001DF E8AC01                      call putc_crlf      ; 改行して
   369 000001E2 E95FFE                      jmp monitor_loop    ; モニタのメインルーチンに飛ぶ
   370                                  
   371                                  ; ==============================================================
   372                                  ; Command: Write Memory
   373                                  ; Usage:
   374                                  ;   W <Seg> <Off> <Val>
   375                                  ; ==============================================================
   376                                  do_write:    
   377 000001E5 E89D01                      call getc_echo      ; Space?
   378 000001E8 3C20                        cmp al, ' '
   379 000001EA 7403E91702                  jne error           ; 引数なしならリターン(またはエラー)
   380                                  
   381                                      ; 1. セグメント (SSSS) を取得
   382 000001EF E8CA01                      call get_hex_word   ; AX = Segment
   383 000001F2 50                          push ax             ; ターゲットセグメントを保存
   384                                      
   385 000001F3 E88F01                      call getc_echo      ; Space?
   386 000001F6 3C20                        cmp al, ' '
   387 000001F8 7403E90902                  jne error           ; 引数なしならリターン(またはエラー)
   388                                      
   389                                      ; 2. オフセット (OOOO) を取得
   390 000001FD E8BC01                      call get_hex_word   ; AX = Offset
   391 00000200 50                          push ax             ; ターゲットオフセットを保存
   392                                  
   393 00000201 E88101                      call getc_echo      ; Space?
   394 00000204 3C20                        cmp al, ' '
   395 00000206 7403E9FB01                  jne error           ; 引数なしならリターン(またはエラー)
   396                                  
   397                                      ; 3. 設定データ (VV) を取得
   398 0000020B E8BD01                      call get_hex_byte_echo   ; AL = Value
   399                                  
   400 0000020E 5B                          pop bx              ; bx = Offset
   401 0000020F 5A                          pop dx              ; dx = Target Segment
   402                                  
   403                                      ; 次回のDコマンドのためにダンプ位置変数を更新する
   404 00000210 8916[A209]                  mov [dump_seg], dx
   405 00000214 891E[A409]                  mov [dump_off], bx
   406                                      
   407 00000218 8EDA                        mov ds, dx          ; DS再設定
   408 0000021A 3E8807                      mov [ds:bx], al     ; 書き込み！
   409                                      
   410 0000021D 0E                          push cs             ; DSを復帰 (CS=DS前提のモニタなので)
   411 0000021E 1F                          pop ds
   412                                  
   413 0000021F BE[8E08]                    mov si, msg_done
   414 00000222 E80B01                      call puts
   415 00000225 E91CFE                      jmp monitor_loop
   416                                  
   417                                  ; ==============================================================
   418                                  ; Command: Input from Port
   419                                  ; Usage:
   420                                  ;   I <Port>
   421                                  ; ==============================================================
   422                                  do_in:
   423 00000228 E85A01                      call getc_echo
   424 0000022B 3C20                        cmp al, ' '         ; スペースがあればパラメタ付きと判断
   425 0000022D 7403E9D401                  jne error           ; パラメタが無い場合はエラー処理へ
   426                                  
   427 00000232 E88701                      call get_hex_word   ; ポートアドレスを取得
   428 00000235 89C2                        mov dx, ax          ; 保存
   429 00000237 EC                          in al, dx           ; I/O Read
   430                                      
   431 00000238 50                          push ax
   432 00000239 E85201                      call putc_crlf      ; メッセージ表示前に改行
   433 0000023C BE[8808]                    mov si, msg_in_res
   434 0000023F E8EE00                      call puts
   435 00000242 58                          pop ax
   436                                  
   437 00000243 E85801                      call print_hex_byte ; 値を表示
   438                                  
   439 00000246 E84501                      call putc_crlf      ; 改行して
   440 00000249 E9F8FD                      jmp monitor_loop    ; モニタのメインルーチンに飛ぶ
   441                                  
   442                                  ; ==============================================================
   443                                  ; Command: Output to Port
   444                                  ; Usage
   445                                  ;   O <Port> <Val>
   446                                  ; ==============================================================
   447                                  do_out:
   448 0000024C E83601                      call getc_echo
   449 0000024F 3C20                        cmp al, ' '         ; スペースがあればパラメタ付きと判断
   450 00000251 7403E9B001                  jne error           ; パラメタが無い場合はエラー処理へ
   451                                  
   452 00000256 E86301                      call get_hex_word   ; ポートアドレスを取得
   453 00000259 50                          push ax             ; スタックに積む
   454                                  
   455 0000025A E82801                      call getc_echo
   456 0000025D 3C20                        cmp al, ' '         ; スペースがあれば第2パラメタがあると判断
   457 0000025F 7511                        jne error_pop       ; 第2パラメタが無い場合はエラー処理へ
   458                                      
   459 00000261 E86701                      call get_hex_byte_echo   ; 出力値を取得
   460 00000264 5A                          pop dx              ; スタックからDXにセット
   461                                      
   462 00000265 EE                          out dx, al          ; I/O Write
   463                                      
   464 00000266 E82501                      call putc_crlf      ; 書き込み完了後、まず改行する
   465 00000269 BE[8E08]                    mov si, msg_done    ; DONEを表示。改行付き。
   466 0000026C E8C100                      call puts
   467                                      
   468 0000026F E9D2FD                      jmp monitor_loop    ; モニタのメインルーチンに飛ぶ
   469                                  
   470                                  error_pop:
   471 00000272 58                          pop ax              ; 使わなかったスタックを捨てる
   472 00000273 E99001                      jmp error
   473                                  
   474                                  ; ==============================================================
   475                                  ; Command: Scan I/O Ports
   476                                  ; Usage:
   477                                  ;   S <Start_port> <End_port>
   478                                  ; Description: Reads ports and prints if value is NOT 0xFF
   479                                  ; ==============================================================
   480                                  do_scan:
   481 00000276 E80C01                      call getc_echo
   482 00000279 3C20                        cmp al, ' '         ; スペースがあればパラメタ付きと判断
   483 0000027B 7403E98601                  jne error           ; パラメタが無い場合はエラー処理へ
   484                                  
   485 00000280 E83901                      call get_hex_word   ; スタートポートアドレスを取得
   486 00000283 89C3                        mov bx, ax          ; BX = Start Address
   487                                      
   488 00000285 E8FD00                      call getc_echo
   489 00000288 3C20                        cmp al, ' '         ; スペースがあれば第2パラメタがあると判断
   490 0000028A 75E6                        jne error_pop       ; 第2パラメタが無い場合はエラー処理へ
   491                                  
   492 0000028C E82D01                      call get_hex_word   ; エンドポートアドレスを取得
   493 0000028F 89C1                        mov cx, ax          ; CX = End Address
   494                                  
   495 00000291 39CB                        cmp bx, cx          ; 開始 > 終了 ならエラー終了
   496 00000293 7603E96E01                  ja error
   497                                  
   498 00000298 E8F300                      call putc_crlf
   499 0000029B BE[1D09]                    mov si, msg_scan_start
   500 0000029E E88F00                      call puts
   501                                  
   502                                  .scan_loop:
   503 000002A1 89DA                        mov dx, bx          ; DXにポートアドレス設定
   504 000002A3 EC                          in al, dx           ; I/O Read
   505                                  
   506 000002A4 3CFF                        cmp al, 0xFF        ; 0xFF (Empty Bus) なら表示しない
   507 000002A6 741D                        je .next_port
   508                                  
   509 000002A8 50                          push ax             ; Readした値をスタックに保存
   510                                  
   511                                      ; --- 有効な値が見つかった場合の表示 ---
   512                                      ; [Port]: Value
   513 000002A9 89D8                        mov ax, bx
   514 000002AB E8E900                      call print_hex_word ; ポートアドレスの表示
   515 000002AE B03A                        mov al, ':'
   516 000002B0 E88B00                      call putc
   517 000002B3 B020                        mov al, ' '
   518 000002B5 E88600                      call putc
   519                                      
   520 000002B8 58                          pop ax
   521 000002B9 E8E200                      call print_hex_byte ; Readした値の表示
   522                                      
   523 000002BC BE[4809]                    mov si, msg_space   ; "  "
   524 000002BF E86E00                      call puts
   525                                  
   526                                      ; 1行に見やすく並べるため、適当な間隔で改行を入れる等の工夫も可能ですが
   527                                      ; ここでは単純にリスト形式で改行します
   528 000002C2 E8C900                      call putc_crlf
   529                                  
   530                                  .next_port:
   531 000002C5 43                          inc bx              ; 次のアドレスへ
   532                                      
   533                                      ; キー入力チェック（長いスキャンを中断できるようにする）
   534 000002C6 E88C00                      call getc_noblock   ; 1文字取得関数 (非ブロッキング)
   535 000002C9 720D                        jc .abort           ; Carry Flag(CF)=1なら何かキーが押されたので中断
   536                                  
   537 000002CB 39CB                        cmp bx, cx
   538 000002CD 76D2                        jbe .scan_loop      ; BX <= CX ならループ
   539                                  
   540 000002CF BE[8E08]                    mov si, msg_done    ; 終了メッセージの表示
   541 000002D2 E85B00                      call puts
   542 000002D5 E96CFD                      jmp monitor_loop
   543                                  
   544                                  .abort:
   545 000002D8 BE[4B09]                    mov si, msg_abort   ; 中断メッセージの表示
   546 000002DB E85200                      call puts
   547 000002DE E963FD                      jmp monitor_loop
   548                                  
   549                                  ; ==============================================================
   550                                  ; Command: Timer
   551                                  ;   T          -> Show current tick counter (32-bit HEX)
   552                                  ;   T <val>    -> Wait for <val> ticks (10ms unit)
   553                                  ; ==============================================================
   554                                  do_timer:
   555 000002E1 E8A100                      call getc_echo      ; コマンド('T')の次の文字を取得
   556 000002E4 3C0D                        cmp al, 0x0D        ; Enterキー(CR)なら表示モードへ
   557 000002E6 7421                        je .show_counter
   558 000002E8 3C20                        cmp al, ' '         ; スペースならWaitモードへ
   559 000002EA 7403E91701                  jne error           ; それ以外はエラー
   560                                  
   561                                      ; --- Wait Mode (引数あり: T 0064 等) ---
   562 000002EF E8CA00                      call get_hex_word   ; AX = 待ち時間 (0x0064 = 1秒)
   563                                  
   564                                      ; 開始時刻を保存 (Start Time)
   565 000002F2 8B1E[A809]                  mov bx, [tick_counter_lo]
   566                                  
   567                                  .wait_loop:
   568                                      ; 1. 現在時刻を取得
   569 000002F6 8B0E[A809]                  mov cx, [tick_counter_lo]
   570                                      
   571                                      ; 2. 経過時間を計算 (Current - Start)
   572                                      ; オーバーフローしても、この引き算の結果は正しい経過時間になる
   573 000002FA 29D9                        sub cx, bx          
   574                                      
   575                                      ; 3. 経過時間 < 待ち時間 ならループ継続
   576 000002FC 39C1                        cmp cx, ax
   577 000002FE 72F6                        jb .wait_loop       ; Jump if Below (unsigned compare)
   578                                  
   579                                      ; 指定時間経過した
   580 00000300 BE[8E08]                    mov si, msg_done
   581 00000303 E82A00                      call puts
   582 00000306 E93BFD                      jmp monitor_loop
   583                                  
   584                                  .show_counter:
   585                                      ; --- Show Counter Mode (引数なし: Tのみ) ---
   586 00000309 E88200                      call putc_crlf
   587                                      
   588 0000030C BE[5609]                    mov si, msg_tick    ; "Tick: "
   589 0000030F E81E00                      call puts
   590                                  
   591                                      ; 32bitカウンタを [High][Low] の順で表示
   592 00000312 A1[AA09]                    mov ax, [tick_counter_hi]
   593 00000315 E87F00                      call print_hex_word
   594 00000318 A1[A809]                    mov ax, [tick_counter_lo]
   595 0000031B E87900                      call print_hex_word
   596                                      
   597 0000031E E86D00                      call putc_crlf
   598 00000321 E920FD                      jmp monitor_loop
   599                                  
   600                                  ; ==============================================================
   601                                  ; Command: Help
   602                                  ; ==============================================================
   603                                  cmd_help:
   604 00000324 E86700                      call putc_crlf
   605 00000327 BE[9A08]                    mov si, msg_help
   606 0000032A E80300                      call puts
   607 0000032D E914FD                      jmp monitor_loop
   608                                  
   609                                  ; =================================================================
   610                                  ; Utilities
   611                                  ; =================================================================
   612                                  
   613                                  ; 文字列出力
   614                                  puts:
   615 00000330 2E8A04                      mov al, [cs:si]
   616 00000333 08C0                        or al, al
   617 00000335 7406                        jz .ret
   618 00000337 E80400                      call putc
   619 0000033A 46                          inc si
   620 0000033B EBF3                        jmp puts
   621 0000033D C3                      .ret: ret
   622                                  
   623                                  ; 1文字出力
   624                                  putc:
   625 0000033E 52                          push dx
   626 0000033F 50                          push ax
   627 00000340 BAA200                      mov dx, MPSC1_A_CTRL
   628                                  .wait_tx:
   629 00000343 EC                          in al, dx
   630 00000344 A804                        test al, TX_READY   ; D2: Tx Buffer Empty?
   631 00000346 74FB                        jz .wait_tx
   632 00000348 BAA000                      mov dx, MPSC1_A_DATA
   633 0000034B 58                          pop ax
   634 0000034C EE                          out dx, al
   635 0000034D 5A                          pop dx
   636 0000034E C3                          ret
   637                                  
   638                                  ; 1文字入力
   639                                  getc:
   640                                      ; 1文字取得関数 (ブロッキング) ---
   641 0000034F E80300                      call getc_noblock
   642 00000352 73FB                        jnc getc
   643 00000354 C3                          ret
   644                                  
   645                                      ; 1文字取得関数 (非ブロッキング 受信割り込み方式) ---
   646                                      ; 戻り値: AL=データ, Carry Flag(CF)=1ならデータあり/0なら空
   647                                  getc_noblock:
   648 00000355 53                          push bx
   649 00000356 8B1E[A009]                  mov bx, [tail_ptr]
   650 0000035A 3B1E[9E09]                  cmp bx, [head_ptr]
   651 0000035E 7413                        je  .empty               ; 等しければデータなし
   652                                  
   653 00000360 8A87[5E09]                  mov al, [rx_buffer + bx]
   654 00000364 43                          inc bx
   655 00000365 83FB40                      cmp bx, RX_BUF_SIZE
   656 00000368 7502                        jne .next
   657 0000036A 31DB                        xor bx, bx
   658                                  .next:
   659 0000036C 891E[A009]                  mov [tail_ptr], bx
   660 00000370 F9                          stc                     ; CF = 1
   661 00000371 5B                          pop bx
   662 00000372 C3                          ret
   663                                  .empty:
   664 00000373 F8                          clc                     ; CF = 0
   665 00000374 5B                          pop bx
   666 00000375 C3                          RET
   667                                  
   668                                      ; 1文字取得関数 (ブロッキング ポーリング方式) ---
   669                                  getc_polling:
   670 00000376 52                          push dx
   671 00000377 BAA200                      mov dx, MPSC1_A_CTRL
   672                                  .wait_rx:
   673 0000037A EC                          in al, dx
   674 0000037B A801                        test al, RX_READY   ; D0: RX Ready?
   675 0000037D 74FB                        jz .wait_rx
   676 0000037F BAA000                      mov dx, MPSC1_A_DATA
   677 00000382 EC                          in al, dx
   678 00000383 5A                          pop dx
   679 00000384 C3                          ret
   680                                  
   681                                  ; 1文字入力 エコーバックあり
   682                                  getc_echo:
   683 00000385 E8C7FF                      call getc
   684 00000388 50                          push ax
   685 00000389 E8B2FF                      call putc
   686 0000038C 58                          pop ax
   687 0000038D C3                          ret
   688                                  
   689                                  ; 改行出力
   690                                  putc_crlf:
   691 0000038E B00D                        mov al, 0x0D
   692 00000390 E8ABFF                      call putc
   693 00000393 B00A                        mov al, 0x0A
   694 00000395 EBA7                        jmp putc
   695                                  
   696                                  ; -----------------------------------------------------------------
   697                                  ; Helper: 1ワードを4文字のHEXで表示 (例: 0x2F3F -> "2", "F", "3", "F")
   698                                  ; Input: AX
   699                                  ; -----------------------------------------------------------------
   700                                  print_hex_word:
   701 00000397 50                          push ax
   702 00000398 88E0                        mov al, ah
   703 0000039A E80100                      call print_hex_byte
   704 0000039D 58                          pop ax
   705                                  
   706                                  ; -----------------------------------------------------------------
   707                                  ; Helper: 1バイトを2文字のHEXで表示 (例: 0x3F -> "3", "F")
   708                                  ; Input: AL
   709                                  ; -----------------------------------------------------------------
   710                                  print_hex_byte:
   711 0000039E 50                          push ax
   712 0000039F 51                          push cx
   713                                  
   714                                      ; 上位バイトの表示
   715 000003A0 50                          push ax
   716 000003A1 C0E804                      shr al, 4
   717 000003A4 E80900                      call .digit
   718                                  
   719                                      ; 下位バイトの表示
   720 000003A7 58                          pop ax
   721 000003A8 240F                        and al, 0x0F
   722 000003AA E80300                      call .digit
   723                                  
   724 000003AD 59                          pop cx
   725 000003AE 58                          pop ax
   726 000003AF C3                          ret
   727                                  
   728                                  ; 数値を16進数文字に変換して表示 (0-15 -> 0-9, A-F)
   729                                  .digit:
   730 000003B0 0430                        add al, '0'
   731 000003B2 3C39                        cmp al, '9'
   732 000003B4 7602                        jbe .p
   733 000003B6 0407                        add al, 7
   734 000003B8 E883FF                  .p: call putc
   735 000003BB C3                          ret
   736                                  
   737                                  ; -----------------------------------------------------------------
   738                                  ; Helper: 4文字のHEXを受信して1ワード(16bit)の数値にする
   739                                  ; Input:  Serial (例: "1", "0", "0", "0")
   740                                  ; Output: AX = 0x1000
   741                                  ; -----------------------------------------------------------------
   742                                  get_hex_word:
   743 000003BC 53                          push bx
   744 000003BD E80B00                      call get_hex_byte_echo
   745 000003C0 88C7                        mov bh, al
   746 000003C2 E80600                      call get_hex_byte_echo
   747 000003C5 88C3                        mov bl, al
   748 000003C7 89D8                        mov ax, bx
   749 000003C9 5B                          pop bx
   750 000003CA C3                          ret
   751                                  
   752                                  ; 16進数2桁入力 エコーバック有り
   753                                  get_hex_byte_echo:
   754 000003CB 53                          push bx
   755 000003CC E8B6FF                      call getc_echo
   756 000003CF E82500                      call hex_char_to_bin
   757 000003D2 C0E004                      shl al, 4
   758 000003D5 88C3                        mov bl, al
   759 000003D7 E8ABFF                      call getc_echo
   760 000003DA E81A00                      call hex_char_to_bin
   761 000003DD 08D8                        or al, bl
   762 000003DF 5B                          pop bx
   763 000003E0 C3                          ret
   764                                  
   765                                  ; -----------------------------------------------------------------
   766                                  ; Helper: 2文字のHEXを受信して1バイトの数値にする
   767                                  ; Input:  Serial (例: "3", "F")
   768                                  ; Output: AL = 0x3F
   769                                  ; -----------------------------------------------------------------
   770                                  get_hex_byte:
   771 000003E1 53                          push bx             ; BH/BLを使うので退避（メインでアドレス用に使ってるため重要）
   772                                  
   773                                      ; 上位4bit
   774 000003E2 E86AFF                      call getc
   775 000003E5 E80F00                      call hex_char_to_bin
   776 000003E8 C0E004                      shl al, 4
   777 000003EB 88C3                        mov bl, al          ; 一時保存
   778                                      
   779                                      ; 下位4bit
   780 000003ED E85FFF                      call getc
   781 000003F0 E80400                      call hex_char_to_bin
   782 000003F3 08D8                        or al, bl           ; 上位を合成して結果はALへ
   783 000003F5 5B                          pop bx
   784 000003F6 C3                          ret
   785                                  
   786                                  ; -----------------------------------------------------------------
   787                                  ; Helper: ASCII文字を数値へ (0-9, A-F -> 0-15)
   788                                  ; Input: AL (ASCII)
   789                                  ; Output: AL (Binary)
   790                                  ; -----------------------------------------------------------------
   791                                  hex_char_to_bin:
   792 000003F7 2C30                        sub al, '0'
   793 000003F9 3C09                        cmp al, 9
   794 000003FB 7604                        jbe .done
   795 000003FD 2C07                        sub al, 7           ; 'A'-'F'対応
   796 000003FF 240F                        and al, 0x0F        ; 小文字対応も含めてざっくりマスク
   797                                  .done:
   798 00000401 C3                          ret
   799                                  
   800                                  ; -----------------------------------------------------------------
   801                                  ; Helper: スペースなどを読み飛ばす
   802                                  ; -----------------------------------------------------------------
   803                                  skip_space:
   804 00000402 E880FF                      call getc_echo
   805 00000405 C3                          ret
   806                                  
   807                                  ; -----------------------------------------------------------------
   808                                  ; Helper: エラーメッセージ出力後モニタに戻る
   809                                  ; -----------------------------------------------------------------
   810                                  error:
   811 00000406 BE[7208]                    mov si, msg_error
   812 00000409 E824FF                      call puts
   813 0000040C E935FC                      jmp monitor_loop
   814                                  
   815                                  ; -----------------------------------------------------------------
   816                                  ; 割り込みベクタの初期化
   817                                  ; -----------------------------------------------------------------
   818                                  int_vector_init:
   819 0000040F 1E                          push ds
   820 00000410 06                          push es
   821 00000411 FC                          cld
   822                                  
   823 00000412 BE[3A04]                    mov si, TABLE_INT_VECTOR
   824 00000415 31C0                        xor ax, ax
   825 00000417 8EC0                        mov es, ax          ; es = 0x0000
   826                                  
   827                                  .set_loop:
   828 00000419 8A04                        mov al, [si]        ; al = ベクタ番号 をロード
   829 0000041B 3CFF                        cmp al, 0xff        ; 終端チェック
   830 0000041D 7418                        je  .done
   831                                      
   832 0000041F 46                          inc si              ; ベクタ番号分進める
   833 00000420 8B14                        mov dx, [si]        ; dx = オフセット退避
   834 00000422 83C602                      add si, 2           ; オフセット分進める
   835                                      
   836                                      ; ベクタテーブルのアドレス計算 (VectorNum * 4)
   837                                      ; V53では 0x0000:0xxxxx がベクタ領域
   838 00000425 30FF                        xor bh, bh
   839 00000427 88C3                        mov bl, al          ; bx = ベクタ番号
   840 00000429 C1E302                      shl bx, 2           ; bx = bx * 4 (1つのベクタは4バイト)
   841                                  
   842                                      ; ベクタの書き換え
   843 0000042C 268917                      mov [es:bx], dx        ; オフセットを書き込み
   844 0000042F 8CC8                        mov ax, cs             ; 現在のcsを取得
   845 00000431 26894702                    mov [es:bx+2], ax      ; セグメントとして書き込み
   846                                  
   847 00000435 EBE2                        jmp  .set_loop       ; 次のベクタへ
   848                                  
   849                                  .done:
   850 00000437 07                          pop  es
   851 00000438 1F                          pop  ds
   852 00000439 C3                          ret
   853                                  
   854                                      ; 割り込みベクタの初期化テーブル
   855                                      ; 設定したいベクタのリスト (ベクタ番号, ハンドラのオフセット)
   856                                  ALIGN 2
   857                                  TABLE_INT_VECTOR:
   858                                      ; INT 0x00 ～ 0x05
   859 0000043A 00                          db 0x00                         
   860 0000043B [9504]                      dw _isr_int0x00      ;INT 0x00: DIV/DIVU Divide Error
   861 0000043D 01                          db 0x01
   862 0000043E [9D04]                      dw _isr_int0x01      ;INT 0x01: BRK Flag (Simgle Step)
   863 00000440 02                          db 0x02
   864 00000441 [A504]                      dw _isr_int0x02      ;INT 0x02: NMI
   865 00000443 03                          db 0x03
   866 00000444 [AD04]                      dw _isr_int0x03      ;INT 0x03: BRK3
   867 00000446 04                          db 0x04
   868 00000447 [B504]                      dw _isr_int0x04      ;INT 0x04: BRKV
   869 00000449 05                          db 0x05
   870 0000044A [BD04]                      dw _isr_int0x05      ;INT 0x05: CHKIND境界オーバー
   871                                      ; INT 0x20 ～ 0x27
   872                                      ; V53 ICUのハンドラ
   873 0000044C 20                          db 0x20
   874 0000044D [C504]                      dw _isr_int0x20      ;INT 0x20 ICU INTP0 割り込みハンドラ (タイマー割り込み)
   875 0000044F 21                          db 0x21
   876 00000450 [E204]                      dw _isr_int0x21      ;INT 0x21 ICU INTP1 未使用
   877 00000452 22                          db 0x22
   878 00000453 [E904]                      dw _isr_int0x22      ;INT 0x22 ICU INTP2 未使用
   879 00000455 23                          db 0x23
   880 00000456 [F004]                      dw _isr_int0x23      ;INT 0x23 ICU INTP3 未使用：TOUT1に接続された割り込み
   881 00000458 24                          db 0x24
   882 00000459 [F704]                      dw _isr_int0x24      ;INT 0x24 ICU INTP4 未使用
   883 0000045B 25                          db 0x25
   884 0000045C [FE04]                      dw _isr_int0x25      ;INT 0x25 ICU INTP5 未使用
   885 0000045E 26                          db 0x26
   886 0000045F [0505]                      dw _isr_int0x26      ;INT 0x26 ICU INTP6 未使用：TOUT2に接続された割り込み
   887 00000461 27                          db 0x27
   888 00000462 [0C05]                      dw _isr_int0x27      ;INT 0x27 ICU INTP7 未使用
   889                                      ; INT 0x28 ～ 0x2f
   890                                      ; MPSC#1のハンドラ
   891 00000464 28                          db 0x28
   892 00000465 [1305]                      dw _isr_int0x28      ;INT 0x28 MPSC#1 Ch.B 未使用
   893 00000467 29                          db 0x29
   894 00000468 [2605]                      dw _isr_int0x29      ;INT 0x29 MPSC#1 Ch.B 未使用
   895 0000046A 2A                          db 0x2a
   896 0000046B [3905]                      dw _isr_int0x2a      ;INT 0x2A MPSC#1 Ch.B 未使用
   897 0000046D 2B                          db 0x2b
   898 0000046E [4C05]                      dw _isr_int0x2b      ;INT 0x2B MPSC#1 Ch.B 未使用
   899 00000470 2C                          db 0x2c
   900 00000471 [5F05]                      dw _isr_int0x2c      ;INT 0x2C MPSC#1 Ch.A 未使用
   901 00000473 2D                          db 0x2d
   902 00000474 [7205]                      dw _isr_int0x2d      ;INT 0x2D MPSC#1 Ch.A 未使用
   903 00000476 2E                          db 0x2e
   904 00000477 [8505]                      dw _isr_int0x2e      ;INT 0x2E MPSC#1 Ch.A 受信割り込みハンドラ
   905 00000479 2F                          db 0x2f
   906 0000047A [B005]                      dw _isr_int0x2f      ;INT 0x2F MPSC#1 Ch.A 未使用
   907                                      ; INT 0x30 ～ 0x37        
   908                                      ; MPSC#2のハンドラ
   909 0000047C 30                          db 0x30
   910 0000047D [C305]                      dw _isr_int0x30      ;INT 0x30 MPSC#2 Ch.B 未使用
   911 0000047F 31                          db 0x31
   912 00000480 [D605]                      dw _isr_int0x31      ;INT 0x31 MPSC#2 Ch.B 未使用
   913 00000482 32                          db 0x32
   914 00000483 [E905]                      dw _isr_int0x32      ;INT 0x32 MPSC#2 Ch.B 未使用
   915 00000485 33                          db 0x33
   916 00000486 [FC05]                      dw _isr_int0x33      ;INT 0x33 MPSC#2 Ch.B 未使用
   917 00000488 34                          db 0x34
   918 00000489 [0F06]                      dw _isr_int0x34      ;INT 0x34 MPSC#2 Ch.A 未使用
   919 0000048B 35                          db 0x35
   920 0000048C [2206]                      dw _isr_int0x35      ;INT 0x35 MPSC#2 Ch.A 未使用
   921 0000048E 36                          db 0x36
   922 0000048F [3506]                      dw _isr_int0x36      ;INT 0x36 MPSC#2 Ch.A 受信割り込みハンドラ（現在は未使用）
   923 00000491 37                          db 0x37
   924 00000492 [4806]                      dw _isr_int0x37      ;INT 0x37 MPSC#2 Ch.A 未使用
   925 00000494 FF                          db 0xff                ; 終端マーカー
   926                                  
   927                                  ; ===================================================
   928                                  ;  Interrupt handler
   929                                  ; ===================================================
   930                                  ; INT 0x00 DIV/DIVU Divide Error
   931                                  _isr_int0x00:
   932 00000495 FA                          cli
   933 00000496 800E[AC09]01                or byte [intsys_flag], 0x01    ; 割り込み発生フラグセット
   934 0000049B FB                          sti
   935 0000049C CF                          iret
   936                                  
   937                                  ; INT 0x01 BRK Flag (Simgle Step)
   938                                  _isr_int0x01:
   939 0000049D FA                          cli
   940 0000049E 800E[AC09]02                or byte [intsys_flag], 0x02    ; 割り込み発生フラグセット
   941 000004A3 FB                          sti
   942 000004A4 CF                          iret
   943                                  
   944                                  ; INT 0x02 NMI
   945                                  _isr_int0x02:
   946 000004A5 FA                          cli
   947 000004A6 800E[AC09]04                or byte [intsys_flag], 0x04    ; 割り込み発生フラグセット
   948 000004AB FB                          sti
   949 000004AC CF                          iret
   950                                  
   951                                  ; INT 0x03 BRK3
   952                                  _isr_int0x03:
   953 000004AD FA                          cli
   954 000004AE 800E[AC09]08                or byte [intsys_flag], 0x08    ; 割り込み発生フラグセット
   955 000004B3 FB                          sti
   956 000004B4 CF                          iret
   957                                  
   958                                  ; INT 0x04 BRKV
   959                                  _isr_int0x04:
   960 000004B5 FA                          cli
   961 000004B6 800E[AC09]10                or byte [intsys_flag], 0x10    ; 割り込み発生フラグセット
   962 000004BB FB                          sti
   963 000004BC CF                          iret
   964                                  
   965                                  ; INT 0x05 CHKIND境界オーバー
   966                                  _isr_int0x05:
   967 000004BD FA                          cli
   968 000004BE 800E[AC09]20                or byte [intsys_flag], 0x20    ; 割り込み発生フラグセット
   969 000004C3 FB                          sti
   970 000004C4 CF                          iret
   971                                  
   972                                  ; ---------------------------------------------------------
   973                                  ; INT 0x20 (INTP0) Timer0 (100Hz) 割り込みハンドラ
   974                                  ; ---------------------------------------------------------
   975                                  _isr_int0x20:
   976 000004C5 FA                          cli	                        ;割り込み禁止
   977 000004C6 50                          push ax
   978 000004C7 53                          push bx
   979 000004C8 52                          push dx
   980                                  
   981 000004C9 FF06[AE09]                  inc word [int0x20_flag]    ; 割り込み発生フラグセット
   982                                  
   983                                      ; --- 32bit カウンタのインクリメント ---
   984 000004CD FF06[A809]                  inc word [tick_counter_lo]
   985 000004D1 7504                        jnz .skip_carry
   986 000004D3 FF06[AA09]                  inc word [tick_counter_hi]
   987                                  .skip_carry:
   988                                      ; --- EOI (End of Interrupt) 発行 ---
   989                                      ; これを送らないと次の割り込みが発生しません
   990 000004D7 B020                        mov al, 0x20         ; Non-Specific EOI
   991 000004D9 BAC000                      mov dx, ICU_REG0
   992 000004DC EE                          out dx, al
   993                                  
   994 000004DD 5A                          pop dx
   995 000004DE 5B                          pop bx
   996 000004DF 58                          pop ax
   997 000004E0 FB                          sti	                        ;割り込み許可
   998 000004E1 CF                          iret	                    ;割り込み復帰
   999                                  
  1000                                  ; ---------------------------------------------------------
  1001                                  ; INT 0x21 (INTP1) ハンドラ - 未使用
  1002                                  ; ---------------------------------------------------------
  1003                                  _isr_int0x21:
  1004 000004E2 FA                          cli
  1005 000004E3 FF06[B009]                  inc word [int0x21_flag]    ; 割り込み発生フラグセット
  1006 000004E7 FB                          sti
  1007 000004E8 CF                          iret
  1008                                  
  1009                                  ; ---------------------------------------------------------
  1010                                  ; INT 0x22 (INTP2) ハンドラ - 未使用
  1011                                  ; ---------------------------------------------------------
  1012                                  _isr_int0x22:
  1013 000004E9 FA                          cli
  1014 000004EA FF06[B209]                  inc word [int0x22_flag]    ; 割り込み発生フラグセット
  1015 000004EE FB                          sti
  1016 000004EF CF                          iret
  1017                                  
  1018                                  ; ---------------------------------------------------------
  1019                                  ; INT 0x23 (INTP3) ハンドラ - 未使用
  1020                                  ; ---------------------------------------------------------
  1021                                  _isr_int0x23:
  1022 000004F0 FA                          cli
  1023 000004F1 FF06[B409]                  inc word [int0x23_flag]    ; 割り込み発生フラグセット
  1024 000004F5 FB                          sti
  1025 000004F6 CF                          iret
  1026                                  
  1027                                  ; ---------------------------------------------------------
  1028                                  ; INT 0x24 (INTP4) ハンドラ - MPSCカスケード割り込み
  1029                                  ; ---------------------------------------------------------
  1030                                  _isr_int0x24:
  1031 000004F7 FA                          cli
  1032 000004F8 FF06[B609]                  inc word [int0x24_flag]    ; 割り込み発生フラグセット
  1033 000004FC FB                          sti
  1034 000004FD CF                          iret
  1035                                  
  1036                                  ; ---------------------------------------------------------
  1037                                  ; INT 0x25 (INTP5) ハンドラ - MPSCカスケード割り込み
  1038                                  ; ---------------------------------------------------------
  1039                                  _isr_int0x25:
  1040 000004FE FA                          cli
  1041 000004FF FF06[B809]                  inc word [int0x25_flag]    ; 割り込み発生フラグセット
  1042 00000503 FB                          sti
  1043 00000504 CF                          iret
  1044                                  
  1045                                  ; ---------------------------------------------------------
  1046                                  ; INT 0x26 (INTP6) ハンドラ - 未使用
  1047                                  ; ---------------------------------------------------------
  1048                                  _isr_int0x26:
  1049 00000505 FA                          cli
  1050 00000506 FF06[BA09]                  inc word [int0x26_flag]    ; 割り込み発生フラグセット
  1051 0000050A FB                          sti
  1052 0000050B CF                          iret
  1053                                  
  1054                                  ; ---------------------------------------------------------
  1055                                  ; INT 0x27 (INTP7) ハンドラ - 未使用
  1056                                  ; ---------------------------------------------------------
  1057                                  _isr_int0x27:
  1058 0000050C FA                          cli
  1059 0000050D FF06[BC09]                  inc word [int0x27_flag]    ; 割り込み発生フラグセット
  1060 00000511 FB                          sti
  1061 00000512 CF                          iret
  1062                                  
  1063                                  ; --------------------------------------
  1064                                  ; Int 0x28
  1065                                  ; --------------------------------------
  1066                                  _isr_int0x28:
  1067 00000513 FA                          cli	                        ;割り込み禁止
  1068 00000514 50                          push ax
  1069 00000515 53                          push bx
  1070 00000516 52                          push dx
  1071                                      
  1072 00000517 FF06[BE09]                  inc word [int0x28_flag]     ;割り込み発生フラグセット
  1073                                  
  1074 0000051B BAA200                      mov dx, MPSC1_A_CTRL	    ;MPSC #1 コマンドポート 0x00A2 を指定
  1075 0000051E B038                        mov al, 0x38
  1076 00000520 EE                          out dx, al	                ;ポートへ出力
  1077                                  
  1078 00000521 5A                          pop dx
  1079 00000522 5B                          pop bx
  1080 00000523 58                          pop ax
  1081 00000524 FB                          sti	                        ;割り込み許可
  1082 00000525 CF                          iret	                    ;割り込み復帰
  1083                                  
  1084                                  ; --------------------------------------
  1085                                  ; INT 0x29
  1086                                  ; --------------------------------------
  1087                                  _isr_int0x29:
  1088 00000526 FA                          cli	                        ;割り込み禁止
  1089 00000527 50                          push ax
  1090 00000528 53                          push bx
  1091 00000529 52                          push dx
  1092                                  
  1093 0000052A FF06[C009]                  inc word [int0x29_flag]     ;割り込み発生フラグセット
  1094                                  
  1095 0000052E BAA200                      mov dx, MPSC1_A_CTRL	    ;MPSC #1 コマンドポート 0x00A2 を指定
  1096 00000531 B038                        mov al, 0x38
  1097 00000533 EE                          out dx, al	                ;ポートへ出力
  1098                                  
  1099 00000534 5A                          pop dx
  1100 00000535 5B                          pop bx
  1101 00000536 58                          pop ax
  1102 00000537 FB                          sti	                        ;割り込み許可
  1103 00000538 CF                          iret	                    ;割り込み復帰
  1104                                  
  1105                                  ; --------------------------------------
  1106                                  ; INT 0x2a
  1107                                  ; --------------------------------------
  1108                                  _isr_int0x2a:
  1109 00000539 FA                          cli	                        ;割り込み禁止
  1110 0000053A 50                          push ax
  1111 0000053B 53                          push bx
  1112 0000053C 52                          push dx
  1113                                  
  1114 0000053D FF06[C209]                  inc word [int0x2a_flag]     ;割り込み発生フラグセット
  1115                                  
  1116 00000541 BAA200                      mov dx, MPSC1_A_CTRL	    ;MPSC #1 コマンドポート 0x00A2 を指定
  1117 00000544 B038                        mov al, 0x38
  1118 00000546 EE                          out dx, al	                ;ポートへ出力
  1119                                  
  1120 00000547 5A                          pop dx
  1121 00000548 5B                          pop bx
  1122 00000549 58                          pop ax
  1123 0000054A FB                          sti	                        ;割り込み許可
  1124 0000054B CF                          iret	                    ;割り込み復帰
  1125                                  
  1126                                  ; --------------------------------------
  1127                                  ; INT 0x2b
  1128                                  ; --------------------------------------
  1129                                  _isr_int0x2b:
  1130 0000054C FA                          cli	                        ;割り込み禁止
  1131 0000054D 50                          push ax
  1132 0000054E 53                          push bx
  1133 0000054F 52                          push dx
  1134                                  
  1135 00000550 FF06[C409]                  inc word [int0x2b_flag]     ;割り込み発生フラグセット
  1136                                  
  1137 00000554 BAA200                      mov dx, MPSC1_A_CTRL	    ;MPSC #1 コマンドポート 0x00A2 を指定
  1138 00000557 B038                        mov al, 0x38
  1139 00000559 EE                          out dx, al	                ;ポートへ出力
  1140                                  
  1141 0000055A 5A                          pop dx
  1142 0000055B 5B                          pop bx
  1143 0000055C 58                          pop ax
  1144 0000055D FB                          sti	                        ;割り込み許可
  1145 0000055E CF                          iret	                    ;割り込み復帰
  1146                                  
  1147                                  ; --------------------------------------
  1148                                  ; INT 0x2c
  1149                                  ; --------------------------------------
  1150                                  _isr_int0x2c:
  1151 0000055F FA                          cli	                        ;割り込み禁止
  1152 00000560 50                          push ax
  1153 00000561 53                          push bx
  1154 00000562 52                          push dx
  1155                                  
  1156 00000563 FF06[C609]                  inc word [int0x2c_flag]     ;割り込み発生フラグセット
  1157                                  
  1158 00000567 BAA200                      mov dx, MPSC1_A_CTRL	    ;MPSC #1 コマンドポート 0x00A2 を指定
  1159 0000056A B038                        mov al, 0x38
  1160 0000056C EE                          out dx, al	                ;ポートへ出力
  1161                                  
  1162 0000056D 5A                          pop dx
  1163 0000056E 5B                          pop bx
  1164 0000056F 58                          pop ax
  1165 00000570 FB                          sti	                        ;割り込み許可
  1166 00000571 CF                          iret	                    ;割り込み復帰
  1167                                  
  1168                                  ; --------------------------------------
  1169                                  ; INT 0x2d
  1170                                  ; --------------------------------------
  1171                                  _isr_int0x2d:
  1172 00000572 FA                          cli	                        ;割り込み禁止
  1173 00000573 50                          push ax
  1174 00000574 53                          push bx
  1175 00000575 52                          push dx
  1176                                  
  1177 00000576 FF06[C809]                  inc word [int0x2d_flag]     ;割り込み発生フラグセット
  1178                                      
  1179 0000057A BAA200                      mov dx, MPSC1_A_CTRL	    ;MPSC #1 コマンドポート 0x00A2 を指定
  1180 0000057D B038                        mov al, 0x38
  1181 0000057F EE                          out dx, al	                ;ポートへ出力
  1182                                  
  1183 00000580 5A                          pop dx
  1184 00000581 5B                          pop bx
  1185 00000582 58                          pop ax
  1186 00000583 FB                          sti	                        ;割り込み許可
  1187 00000584 CF                          iret	                    ;割り込み復帰
  1188                                  
  1189                                  ; --------------------------------------
  1190                                  ; INT 0x2e MPSC#1 Ch.A 受信割り込みハンドラ
  1191                                  ; --------------------------------------
  1192                                  _isr_int0x2e:
  1193 00000585 FA                          cli	                        ;割り込み禁止
  1194 00000586 50                          push ax
  1195 00000587 53                          push bx
  1196 00000588 52                          push dx
  1197                                  
  1198 00000589 FF06[CA09]                  inc word [int0x2e_flag]     ; 割り込み発生フラグセット
  1199                                  
  1200                                      ; uartデータレジスタから読み込み
  1201 0000058D BAA000                      mov dx, MPSC1_A_DATA
  1202 00000590 EC                          in  al, dx                  ; 1バイト受信
  1203                                  
  1204                                      ; リングバッファへ格納
  1205 00000591 8B1E[9E09]                  mov bx, [head_ptr]          ; バッファポインタをbxに設定
  1206 00000595 8887[5E09]                  mov [rx_buffer + bx], al    ; 受信データを格納
  1207                                      
  1208 00000599 43                          inc bx                      ; ポインタを加算
  1209 0000059A 83FB40                      cmp bx, RX_BUF_SIZE         ; バッファオーバーフローチェック
  1210 0000059D 7502                        jne .skip_wrap
  1211 0000059F 31DB                        xor bx, bx                  ; バッファポインタをリセット
  1212                                  .skip_wrap:
  1213 000005A1 891E[9E09]                  mov [head_ptr], bx          ; バッファポインタを保存
  1214                                      
  1215                                      ; MPSC EOI / Error Reset
  1216 000005A5 BAA200                      mov dx, MPSC1_A_CTRL	    ; MPSC #1 コマンドポート 0x00A2 を指定
  1217 000005A8 B038                        mov al, 0x38
  1218 000005AA EE                          out dx, al	                ; ポートへ出力
  1219                                  
  1220 000005AB 5A                          pop dx
  1221 000005AC 5B                          pop bx
  1222 000005AD 58                          pop ax
  1223 000005AE FB                          sti	                        ;割り込み許可
  1224 000005AF CF                          iret	                    ;割り込み復帰
  1225                                  
  1226                                  ; --------------------------------------
  1227                                  ; INT 0x2f
  1228                                  ; --------------------------------------
  1229                                  _isr_int0x2f:
  1230 000005B0 FA                          cli	                        ;割り込み禁止
  1231 000005B1 50                          push ax
  1232 000005B2 53                          push bx
  1233 000005B3 52                          push dx
  1234                                  
  1235 000005B4 FF06[CC09]                  inc word [int0x2f_flag]     ;割り込み発生フラグセット
  1236                                      
  1237 000005B8 BAA200                      mov dx, MPSC1_A_CTRL	    ; MPSC #1 コマンドポート 0x00A2 を指定
  1238 000005BB B038                        mov al, 0x38
  1239 000005BD EE                          out dx, al	                ; ポートへ出力
  1240                                  
  1241 000005BE 5A                          pop dx
  1242 000005BF 5B                          pop bx
  1243 000005C0 58                          pop ax
  1244 000005C1 FB                          sti	                        ;割り込み許可
  1245 000005C2 CF                          iret	                    ;割り込み復帰
  1246                                  
  1247                                  ; --------------------------------------
  1248                                  ; INT 0x30
  1249                                  ; --------------------------------------
  1250                                  _isr_int0x30:
  1251 000005C3 FA                          cli	                        ;割り込み禁止
  1252 000005C4 50                          push ax
  1253 000005C5 53                          push bx
  1254 000005C6 52                          push dx
  1255                                  
  1256 000005C7 FF06[CE09]                  inc word [int0x30_flag]     ;割り込み発生フラグセット
  1257                                  
  1258 000005CB BAAA00                      mov dx, MPSC2_A_CTRL	    ;MPSC #2 コマンドポート 0x00AAを指定
  1259 000005CE B038                        mov al, 0x38
  1260 000005D0 EE                          out dx, al	                ;ポートへ出力
  1261                                  
  1262 000005D1 5A                          pop dx
  1263 000005D2 5B                          pop bx
  1264 000005D3 58                          pop ax
  1265 000005D4 FB                          sti	                        ;割り込み許可
  1266 000005D5 CF                          iret	                    ;割り込み復帰
  1267                                  
  1268                                  ; --------------------------------------
  1269                                  ; INT 0x31
  1270                                  ; --------------------------------------
  1271                                  _isr_int0x31:
  1272 000005D6 FA                          cli	                        ;割り込み禁止
  1273 000005D7 50                          push ax
  1274 000005D8 53                          push bx
  1275 000005D9 52                          push dx
  1276                                  
  1277 000005DA FF06[D009]                  inc word [int0x31_flag]     ;割り込み発生フラグセット
  1278                                  
  1279 000005DE BAAA00                      mov dx, MPSC2_A_CTRL	    ;MPSC #2 コマンドポート 0x00AAを指定
  1280 000005E1 B038                        mov al, 0x38
  1281 000005E3 EE                          out dx, al	                ;ポートへ出力
  1282                                  
  1283 000005E4 5A                          pop dx
  1284 000005E5 5B                          pop bx
  1285 000005E6 58                          pop ax
  1286 000005E7 FB                          sti	                        ;割り込み許可
  1287 000005E8 CF                          iret	                    ;割り込み復帰
  1288                                  
  1289                                  ; --------------------------------------
  1290                                  ; INT 0x32
  1291                                  ; --------------------------------------
  1292                                  _isr_int0x32:
  1293 000005E9 FA                          cli	                        ;割り込み禁止
  1294 000005EA 50                          push ax
  1295 000005EB 53                          push bx
  1296 000005EC 52                          push dx
  1297                                  
  1298 000005ED FF06[D209]                  inc word [int0x32_flag]     ;割り込み発生フラグセット
  1299                                  
  1300 000005F1 BAAA00                      mov dx, MPSC2_A_CTRL	    ;MPSC #2 コマンドポート 0x00AAを指定
  1301 000005F4 B038                        mov al, 0x38
  1302 000005F6 EE                          out dx, al	                ;ポートへ出力
  1303                                  
  1304 000005F7 5A                          pop dx
  1305 000005F8 5B                          pop bx
  1306 000005F9 58                          pop ax
  1307 000005FA FB                          sti	                        ;割り込み許可
  1308 000005FB CF                          iret	                    ;割り込み復帰
  1309                                  
  1310                                  ; --------------------------------------
  1311                                  ; INT 0x33
  1312                                  ; --------------------------------------
  1313                                  _isr_int0x33:
  1314 000005FC FA                          cli	                        ;割り込み禁止
  1315 000005FD 50                          push ax
  1316 000005FE 53                          push bx
  1317 000005FF 52                          push dx
  1318                                  
  1319 00000600 FF06[D409]                  inc word [int0x33_flag]     ;割り込み発生フラグセット
  1320                                  
  1321 00000604 BAAA00                      mov dx, MPSC2_A_CTRL	    ;MPSC #2 コマンドポート 0x00AAを指定
  1322 00000607 B038                        mov al, 0x38
  1323 00000609 EE                          out dx, al	                ;ポートへ出力
  1324                                  
  1325 0000060A 5A                          pop dx
  1326 0000060B 5B                          pop bx
  1327 0000060C 58                          pop ax
  1328 0000060D FB                          sti	                        ;割り込み許可
  1329 0000060E CF                          iret	                    ;割り込み復帰
  1330                                  
  1331                                  ; --------------------------------------
  1332                                  ; INT 0x34
  1333                                  ; --------------------------------------
  1334                                  _isr_int0x34:
  1335 0000060F FA                          cli	                        ;割り込み禁止
  1336 00000610 50                          push ax
  1337 00000611 53                          push bx
  1338 00000612 52                          push dx
  1339                                  
  1340 00000613 FF06[D609]                  inc word [int0x34_flag]     ;割り込み発生フラグセット
  1341                                  
  1342 00000617 BAAA00                      mov dx, MPSC2_A_CTRL	    ;MPSC #2 コマンドポート 0x00AAを指定
  1343 0000061A B038                        mov al, 0x38
  1344 0000061C EE                          out dx, al	                ;ポートへ出力
  1345                                  
  1346 0000061D 5A                          pop dx
  1347 0000061E 5B                          pop bx
  1348 0000061F 58                          pop ax
  1349 00000620 FB                          sti	                        ;割り込み許可
  1350 00000621 CF                          iret	                    ;割り込み復帰
  1351                                  
  1352                                  ; --------------------------------------
  1353                                  ; INT 0x35
  1354                                  ; --------------------------------------
  1355                                  _isr_int0x35:
  1356 00000622 FA                          cli	                        ;割り込み禁止
  1357 00000623 50                          push ax
  1358 00000624 53                          push bx
  1359 00000625 52                          push dx
  1360                                  
  1361 00000626 FF06[D809]                  inc word [int0x35_flag]     ;割り込み発生フラグセット
  1362                                      
  1363 0000062A BAAA00                      mov dx, MPSC2_A_CTRL	    ;MPSC #2 コマンドポート 0x00AAを指定
  1364 0000062D B038                        mov al, 0x38
  1365 0000062F EE                          out dx, al	                ;ポートへ出力
  1366                                  
  1367 00000630 5A                          pop dx
  1368 00000631 5B                          pop bx
  1369 00000632 58                          pop ax
  1370 00000633 FB                          sti	                        ;割り込み許可
  1371 00000634 CF                          iret	                    ;割り込み復帰
  1372                                  
  1373                                  ; --------------------------------------
  1374                                  ; INT 0x36
  1375                                  ; --------------------------------------
  1376                                  _isr_int0x36:
  1377 00000635 FA                          cli	                        ;割り込み禁止
  1378 00000636 50                          push ax
  1379 00000637 53                          push bx
  1380 00000638 52                          push dx
  1381                                  
  1382 00000639 FF06[DA09]                  inc word [int0x36_flag]     ;割り込み発生フラグセット
  1383                                      
  1384 0000063D BAAA00                      mov dx, MPSC2_A_CTRL	    ;MPSC #2 コマンドポート 0x00AAを指定
  1385 00000640 B038                        mov al, 0x38
  1386 00000642 EE                          out dx, al	                ;ポートへ出力
  1387                                  
  1388 00000643 5A                          pop dx
  1389 00000644 5B                          pop bx
  1390 00000645 58                          pop ax
  1391 00000646 FB                          sti	                        ;割り込み許可
  1392 00000647 CF                          iret	                    ;割り込み復帰
  1393                                  
  1394                                  ; --------------------------------------
  1395                                  ; INT 0x37
  1396                                  ; --------------------------------------
  1397                                  _isr_int0x37:
  1398 00000648 FA                          cli	                        ;割り込み禁止
  1399 00000649 50                          push ax
  1400 0000064A 53                          push bx
  1401 0000064B 52                          push dx
  1402                                  
  1403 0000064C FF06[DC09]                  inc word [int0x37_flag]     ;割り込み発生フラグセット
  1404                                      
  1405 00000650 BAAA00                      mov dx, MPSC2_A_CTRL	    ;MPSC #2 コマンドポート 0x00AAを指定
  1406 00000653 B038                        mov al, 0x38
  1407 00000655 EE                          out dx, al	                ;ポートへ出力
  1408                                  
  1409 00000656 5A                          pop dx
  1410 00000657 5B                          pop bx
  1411 00000658 58                          pop ax
  1412 00000659 FB                          sti	                        ;割り込み許可
  1413 0000065A CF                          iret	                    ;割り込み復帰
  1414                                  
  1415                                  ; --------------------------------------------------
  1416                                  ;  V53 CPUシステムレジスタ初期化
  1417                                  ; --------------------------------------------------
  1418                                  v53_sysreg_init:
  1419 0000065B BE[7206]                    mov si, TABLE_V53_REG
  1420                                  .next:
  1421 0000065E 2E8B14                      mov dx, [cs:si]      ; Port Number (16bit)
  1422 00000661 83FAFF                      cmp dx, 0xFFFF       ; Terminator
  1423 00000664 740A                        je .done
  1424 00000666 2E8A4402                    mov al, [cs:si+2]    ; Value (8bit)
  1425 0000066A EE                          out dx, al
  1426 0000066B 83C603                      add si, 3
  1427 0000066E EBEE                        jmp .next
  1428                                  .done:
  1429 00000670 C3                          ret
  1430                                  
  1431                                  ; V53システムレジスタ設定テーブル
  1432 00000671 90                      ALIGN 2
  1433                                  TABLE_V53_REG:
  1434 00000672 FEFF00                      db 0xFE, 0xFF, 0x00     ; FFFE (SCTL) = 0x00 16bit I/O boundary
  1435 00000675 FDFF06                      db 0xFD, 0xFF, 0x06     ; FFFD (OPSEL)= 0x06 Enable ICU,TCU  Disable DMAU,SCU
  1436 00000678 FCFF00                      db 0xFC, 0xFF, 0x00     ; FFFC (OPHA) = 0x00
  1437 0000067B FBFFE0                      db 0xFB, 0xFF, 0xE0     ; FFFB (DULA) = 0xE0 DCU:0x00E0
  1438 0000067E FAFFC0                      db 0xFA, 0xFF, 0xC0     ; FFFA (IULA) = 0xC0 ICU:0x00C0
  1439 00000681 F9FFD0                      db 0xF9, 0xFF, 0xD0     ; FFF9 (TULA) = 0xD0 TCU:0x00D0
  1440 00000684 F8FFF0                      db 0xF8, 0xFF, 0xF0     ; FFF8 (SULA) = 0xF0 SCU:0x00F0
  1441 00000687 EAFF00                      db 0xEA, 0xFF, 0x00     ; FFEA (WMB0) = 0x00
  1442 0000068A EBFF00                      db 0xEB, 0xFF, 0x00     ; FFEB (WCY1) = 0x00
  1443 0000068D ECFF00                      db 0xEC, 0xFF, 0x00     ; FFEC (WCY0) = 0x00
  1444 00000690 F3FF73                      db 0xF3, 0xFF, 0x73     ; FFF3 (WMB1) = 0x73
  1445 00000693 EDFF00                      db 0xED, 0xFF, 0x00     ; FFED (WAC)  = 0x00
  1446 00000696 F4FF10                      db 0xF4, 0xFF, 0x10     ; FFF4 (WCY2) = 0x10
  1447 00000699 F5FF22                      db 0xF5, 0xFF, 0x22     ; FFF5 (WCY3) = 0x22
  1448 0000069C F6FF10                      db 0xF6, 0xFF, 0x10     ; FFF6 (WCY4) = 0x10
  1449 0000069F F2FF00                      db 0xF2, 0xFF, 0x00     ; FFF2 (RFC)  = 0x00
  1450 000006A2 E9FF00                      db 0xE9, 0xFF, 0x00     ; FFE9 (BRC)  = 0x00
  1451 000006A5 F0FF02                      db 0xF0, 0xFF, 0x02     ; FFF0 (TCKS) = 0x02
  1452 000006A8 F1FF00                      db 0xF1, 0xFF, 0x00     ; FFF1 (SBCR) = 0x00
  1453 000006AB FFFFFF                      db 0xFF, 0xFF, 0xFF     ; 終端マーカー
  1454                                  
  1455                                  ; --------------------------------------------------
  1456                                  ; TCU (タイマーユニット) 初期化
  1457                                  ; --------------------------------------------------
  1458                                  v53_tcu_init:
  1459 000006AE BE[D006]                    mov si, TABLE_TCU_REG
  1460                                  .next:
  1461 000006B1 2E8B14                      mov dx, [cs:si]      ; Port1 (16bit)
  1462 000006B4 83FAFF                      cmp dx, 0xFFFF       ; Terminator
  1463 000006B7 7416                        je .done
  1464 000006B9 2E8A4402                    mov al, [cs:si+2]    ; Val1 (8bit)
  1465 000006BD EE                          out dx, al
  1466 000006BE 2E8B5403                    mov dx, [cs:si+3]    ; Port2 (16bit)
  1467 000006C2 2E8B4405                    mov ax, [cs:si+5]    ; Val2 (16bit)
  1468 000006C6 EE                          out dx, al           ; Port2 Low
  1469 000006C7 88E0                        mov al, ah
  1470 000006C9 EE                          out dx, al           ; Port2 High
  1471 000006CA 83C607                      add si, 7
  1472 000006CD EBE2                        jmp .next
  1473                                  .done:
  1474 000006CF C3                          ret
  1475                                  
  1476                                  ; TCU タイマー設定テーブル
  1477                                  ALIGN 2
  1478                                  TABLE_TCU_REG:
  1479                                      ; Port1, Val1, Port2, Val2(16)
  1480 000006D0 D600                        dw TM_CTL  ; T0設定
  1481 000006D2 36                          db 0x36
  1482 000006D3 D000                        dw TM0_CNT
  1483 000006D5 204E                        dw 0x4E20
  1484                                  
  1485 000006D7 D600                        dw TM_CTL  ; T0最大値A
  1486 000006D9 70                          db 0x70
  1487 000006DA D200                        dw TM1_CNT
  1488 000006DC 050D                        dw 0x0D05
  1489                                  
  1490 000006DE D600                        dw TM_CTL  ; T0最大値B
  1491 000006E0 B0                          db 0xB0
  1492 000006E1 D400                        dw TM2_CNT
  1493 000006E3 050D                        dw 0x0D05
  1494                                          
  1495 000006E5 FFFF                        dw 0x0FFFF ; 終端マーカー
  1496                                  
  1497                                  ; ---------------------------------------------------
  1498                                  ; 物理IOの初期化
  1499                                  ; ---------------------------------------------------
  1500                                  dve554_io_init:
  1501 000006E7 B000                        mov al, 0x00
  1502 000006E9 BA8600                      mov dx, 0x0086
  1503 000006EC EE                          out dx, al
  1504 000006ED BA8200                      mov dx, 0x0082
  1505 000006F0 EE                          out dx, al
  1506 000006F1 BA8000                      mov dx, 0x0080
  1507 000006F4 EE                          out dx, al
  1508 000006F5 C3                          ret
  1509                                  
  1510                                  ; ---------------------------------------
  1511                                  ; V53 ICUの初期化
  1512                                  ; ---------------------------------------
  1513                                  v53_icu_init:
  1514 000006F6 BE[0C07]                    MOV SI, TABLE_V53_ICU	;I/O設定テーブルの先頭を指定
  1515                                  .loop:
  1516 000006F9 2E8B14                      MOV DX, CS:[SI]	        ;テーブルからポート番号(Word)をロード
  1517 000006FC 83FAFF                      CMP DX, 0x0FFFF	        ;終端マーカー（0xFFFF）かチェック
  1518 000006FF 740A                        JZ .done	            ;終端なら終了（RETへ）
  1519 00000701 2E8A4402                    mov al, cs:[si+02]	    ;設定値(byte)をロード
  1520 00000705 EE                          out dx, al	            ;ポートへ出力
  1521 00000706 83C603                      add si, 3	            ;次のエントリ（3バイト後）へ
  1522 00000709 EBEE                        jmp .loop	            ;ループ
  1523                                  .done:
  1524 0000070B C3                          ret
  1525                                  
  1526                                  ALIGN 2
  1527                                  TABLE_V53_ICU:
  1528 0000070C C000                        dw ICU_REG0
  1529 0000070E 11                          db 0x11    ; IIW1: 00010001b (Edge Trigger, カスケード拡張モード, IIW4有効)
  1530 0000070F C200                        dw ICU_REG1  
  1531 00000711 20                          db 0x20    ; IIW2: 00100000b (Vector Offset = 0x20 (INT 32))
  1532 00000712 C200                        dw ICU_REG1
  1533 00000714 30                          db 0x30    ; IIW3: 00110000b (INTP4, INTP5はスレーブ接続)
  1534 00000715 C200                        dw ICU_REG1
  1535 00000717 03                          db 0x03    ; IIW4: 00000011b (通常ネストモード、通常FIモード、8086モード)
  1536 00000718 C200                        dw ICU_REG1
  1537 0000071A CE                          db 0xCE    ; IMKW: 11001110b (INTP4, INTP5, INTP0以外はマスクする)     
  1538 0000071B FFFF                        dw 0x0FFFF
  1539                                  
  1540                                  ; =============================================================
  1541                                  ; uPD72001 (MPSC) 初期化シーケンス
  1542                                  ; CPU: 8086
  1543                                  ; 対象: MPSC #1 / MPSC #2  チャンネルAのみを使用
  1544                                  ;
  1545                                  ; 設定内容:
  1546                                  ;   非同期モード, 9600bps (BRGカウント=0x001E, CLK=x16),
  1547                                  ;   8データビット, ストップビット1, パリティなし
  1548                                  ;   全受信文字割り込み有効
  1549                                  ;   割り込みベクタベース = MPSC #1 0x28, MPSC #2 0x29
  1550                                  ; =============================================================
  1551                                   
  1552                                  ; =============================================================
  1553                                  ; mpsc_init  - MPSCメイン初期化ルーチン
  1554                                  ; 入力: なし / 破壊: AX, BX, CX, DX
  1555                                  ; =============================================================
  1556                                  mpsc_init:
  1557                                      ; =========================================================
  1558                                      ; Phase 1: ポインタリセット → チャンネルリセット
  1559                                      ; CR0 ポインタを確実に0にしてからChannel Resetを発行する
  1560                                      ; =========================================================
  1561                                   
  1562                                      ; --- MPSC#1 チャンネルA ---
  1563 0000071D BAA200                      mov dx, MPSC1_A_CTRL
  1564 00000720 B000                        mov al, 0x00
  1565 00000722 EE                          out dx, al              ; CR0選択（ポインタリセット）
  1566 00000723 EE                          out dx, al              ; CR0選択（ポインタリセット）
  1567 00000724 B018                        mov al, 0x18             ; Channel Reset コマンド
  1568 00000726 EE                          out dx, al
  1569                                   
  1570                                      ; --- MPSC#2 チャンネルA ---
  1571 00000727 BAAA00                      mov dx, MPSC2_A_CTRL
  1572 0000072A B000                        mov al, 0x00
  1573 0000072C EE                          out dx, al              ; CR0選択（ポインタリセット）
  1574 0000072D EE                          out dx, al              ; CR0選択（ポインタリセット）
  1575 0000072E B018                        mov al, 0x18
  1576 00000730 EE                          out dx, al
  1577                                    
  1578                                      ; リセット後安定待ち（約100ループ）
  1579 00000731 B96400                      mov cx, 100
  1580                                  .wait_reset:
  1581 00000734 90                          nop
  1582 00000735 90                          nop
  1583 00000736 90                          nop
  1584 00000737 E2FB                        loop .wait_reset
  1585                                  
  1586                                      ; =========================================================
  1587                                      ; Phase 2: CR1 - 割り込み/DMA設定
  1588                                      ; CR1 = 0x10: D4-D3=10(全受信文字で割り込み),
  1589                                      ;            D1=0(送信割り込み禁止), D0=0(外部割り込み禁止)
  1590                                      ; =========================================================
  1591 00000739 BAA200                      mov dx, MPSC1_A_CTRL
  1592 0000073C B001                        mov al, 1
  1593 0000073E EE                          out dx, al              ; CR1
  1594 0000073F B010                        mov al, 0x10             ; 受信割り込み可能
  1595 00000741 EE                          out dx, al
  1596 00000742 BAAA00                      mov dx, MPSC2_A_CTRL
  1597 00000745 B001                        mov al, 1
  1598 00000747 EE                          out dx, al              ; CR1
  1599 00000748 B010                        mov al, 0x10             ; 受信割り込み可能
  1600 0000074A EE                          out dx, al
  1601                                  
  1602                                      ; =========================================================
  1603                                      ; Phase 3: CR2A - 割り込み/DMA設定
  1604                                      ; CR2 = 0x30 
  1605                                      ;  D5=1: ベクタモード
  1606                                      ;  D4-D3=10: 86応答モード
  1607                                      ;  D1-D0=00: 両チャンネルとも割り込み
  1608                                      ;  D2=0: A/BチャネルのPriority Select
  1609                                      ; =========================================================
  1610 0000074B B002                        mov al, 2
  1611 0000074D B3E0                        mov bl, 0x0e0    ; 0000 0000b
  1612 0000074F E8BF00                      call mpsc_write_both
  1613                                  
  1614                                      ; =========================================================
  1615                                      ; Phase 4: CR4 - 送受信共通フォーマット設定
  1616                                      ; 非同期モード, x16クロック, ストップビット1, パリティなし
  1617                                      ; CR4 = 0x44: D7-D6=00(パリティなし), D5-D4=01(1stop),
  1618                                      ;             D3-D2=00(Async), D1-D0=01(x16)
  1619                                      ; ※ CR4はCR3/CR5より先に設定すること
  1620                                      ; =========================================================
  1621 00000752 B004                        mov al, 4
  1622 00000754 B344                        mov bl, 0x44
  1623 00000756 E8B800                      call mpsc_write_both  ; Aチャンネル両方に書き込み
  1624                                   
  1625                                      ; =========================================================
  1626                                      ; Phase 5: CR12/CR13 - BRGタイムコンスタント設定
  1627                                      ; ボーレート9600bps, CLKソース, x16分周の場合:
  1628                                      ;   カウント値 = 0x001E (30)
  1629                                      ; CR12: タイムコンスタント下位8ビットと上位8ビットを送受信別に書き込む
  1630                                      ; =========================================================
  1631                                   
  1632                                      ; --- MPSC#1 チャンネルA ---
  1633 00000759 BAA200                      mov dx, MPSC1_A_CTRL
  1634 0000075C B00C                        mov al, 12          ; CR12選択
  1635 0000075E EE                          out dx, al
  1636 0000075F B001                        mov al, 1           ; 受信BRGレジスタセットモード有効 (D0=1)
  1637 00000761 EE                          out dx, al
  1638 00000762 B01E                        mov al, 0x1e        ; 下位バイトの値
  1639 00000764 EE                          out dx, al
  1640 00000765 B000                        mov al, 0x00        ; 上位バイトの値
  1641 00000767 EE                          out dx, al
  1642                                   
  1643 00000768 B00C                        mov al, 12          ; Select CR12
  1644 0000076A EE                          out dx, al
  1645 0000076B B002                        mov al, 2           ; 送信BRGレジスタセットモード有効
  1646 0000076D EE                          out dx, al
  1647 0000076E B01E                        mov al, 0x1e        ; 下位バイトの値
  1648 00000770 EE                          out dx, al
  1649 00000771 B000                        mov al, 0x00        ; 上位バイトの値
  1650 00000773 EE                          out dx, al
  1651                                  
  1652                                      ; --- MPSC#2 チャンネルA ---
  1653 00000774 BAAA00                      mov dx, MPSC2_A_CTRL
  1654 00000777 B00C                        mov al, 12          ; CR12選択
  1655 00000779 EE                          out dx, al
  1656 0000077A B001                        mov al, 1           ; 受信BRGレジスタセットモード有効 (D0=1)
  1657 0000077C EE                          out dx, al
  1658 0000077D B01E                        mov al, 0x1e        ; 下位バイトの値
  1659 0000077F EE                          out dx, al
  1660 00000780 B000                        mov al, 0x00        ; 上位バイトの値
  1661 00000782 EE                          out dx, al
  1662                                  
  1663 00000783 B00C                        mov al, 12          ; Select CR12
  1664 00000785 EE                          out dx, al
  1665 00000786 B002                        mov al, 2           ; 送信BRGレジスタセットモード有効
  1666 00000788 EE                          out dx, al
  1667 00000789 B01E                        mov al, 0x1e        ; 下位バイトの値
  1668 0000078B EE                          out dx, al
  1669 0000078C B000                        mov al, 0x00        ; 上位バイトの値
  1670 0000078E EE                          out dx, al
  1671                                   
  1672                                      ; =========================================================
  1673                                      ; Phase 6: CR15 - クロックソースとピン機能選択
  1674                                      ; CR15 = 0x56: DPLL入力はBRG, RTSCとTTLCはBRG出力
  1675                                      ; =========================================================
  1676 0000078F B00F                        mov al, 15
  1677 00000791 B356                        mov bl, 0x56
  1678 00000793 E87B00                      call mpsc_write_both
  1679                                   
  1680                                      ; =========================================================
  1681                                      ; Phase 7: CR14 - BRG動作許可
  1682                                      ; CR14 = 0x07: BRGソース=システムCLK, 送受信BRGカウント有効
  1683                                      ; D2=1(BR CLK=SYS CLK), D1=1(送信BRG有効), D0=1(受信BRG有効)
  1684                                      ; =========================================================
  1685 00000796 B00E                        mov al, 14
  1686 00000798 B307                        mov bl, 0x07
  1687 0000079A E87400                      call mpsc_write_both
  1688                                  
  1689                                      ; =========================================================
  1690                                      ; Phase 8: CR11 - 外部ステータス割り込み要因設定
  1691                                      ; CR11 = 0h : すべての拡張E/S割り込み要因を完全に禁止する
  1692                                      ; =========================================================
  1693 0000079D B00B                        mov al, 11
  1694 0000079F B300                        mov bl, 0x00
  1695 000007A1 E86D00                      call mpsc_write_both
  1696                                  
  1697                                      ; =========================================================
  1698                                      ; Phase 9: CR3 - 受信設定・イネーブル
  1699                                      ; CR3 = 0xC1: D7-D6=11(8ビット受信), D0=1(受信イネーブル)
  1700                                      ; =========================================================
  1701 000007A4 B003                        mov al, 3
  1702 000007A6 B3C1                        mov bl, 0xC1
  1703 000007A8 E86600                      call mpsc_write_both
  1704                                   
  1705                                      ; =========================================================
  1706                                      ; Phase 10: CR5 - 送信設定・イネーブル
  1707                                      ; CR5 = 0xEA: D7=1(DTRアサート), D6-D5=11(8ビット送信),
  1708                                      ;            D3=1(送信イネーブル), D1=1(RTSアサート)
  1709                                      ; DTR/RTSを初期からアサートしない場合は 0x68 を使用:
  1710                                      ;   CR5 = 0x68: D6-D5=11(8ビット), D3=1(TX EN), DTR/RTS=0
  1711                                      ; =========================================================
  1712 000007AB B005                        mov al, 5
  1713 000007AD B3EA                        mov bl, 0xEA
  1714 000007AF E85F00                      call mpsc_write_both
  1715                                  
  1716                                      ; =========================================================
  1717                                      ; Phase 11: CR0  - 内部のCRC計算回路を初期化するコマンドを発行（ASYNCでは不要）
  1718                                      ; =========================================================
  1719                                      ;mov dx, MPSC1_A_CTRL
  1720                                      ;mov al, 0x80       ;送信CRC計算回路の初期化 (Initialize Tx CRC Calculator)
  1721                                      ;out dx, al    
  1722                                      ;mov al, 0x40       ;受信CRC計算回路の初期化 (Initialize Rx CRC Calculator)
  1723                                      ;out dx, al
  1724                                   
  1725                                      ;mov dx, MPSC2_A_CTRL
  1726                                      ;mov al, 0x80
  1727                                      ;out dx, al
  1728                                      ;mov al, 0x40
  1729                                      ;out dx, al
  1730                                  
  1731                                      ; =========================================================
  1732                                      ; Phase 12: チャンネルＢの設定
  1733                                      ; =========================================================
  1734 000007B2 BAA600                      mov dx, MPSC1_B_CTRL
  1735 000007B5 B000                        mov al, 0x00            ; ポインタリセット
  1736 000007B7 EE                          out dx, al
  1737 000007B8 EE                          out dx, al
  1738                                  
  1739 000007B9 BAAE00                      mov dx, MPSC2_B_CTRL
  1740 000007BC B000                        mov al, 0x00            ; ポインタリセット
  1741 000007BE EE                          out dx, al
  1742 000007BF EE                          out dx, al
  1743                                          
  1744 000007C0 B018                        mov al, 0x18            ; Channel Reset コマンド
  1745 000007C2 BAA600                      mov dx, MPSC1_B_CTRL
  1746 000007C5 EE                          out dx, al
  1747 000007C6 BAAE00                      mov dx, MPSC2_B_CTRL
  1748 000007C9 EE                          out dx, al
  1749                                  
  1750 000007CA B96400                      mov cx, 100
  1751                                  .wait_loop:
  1752 000007CD 90                          nop
  1753 000007CE 90                          nop
  1754 000007CF 90                          nop
  1755 000007D0 E2FB                        loop .wait_loop
  1756                                  
  1757                                      ; =========================================================
  1758                                      ; Phase 13: CR2B - 割り込みベクタ設定（チャンネルBで設定必要）
  1759                                      ; ベクタベース = MPSC #1 0x28, MPSC #2 0x30
  1760                                      ; =========================================================
  1761 000007D2 B002                        mov al, 2             ; CR2Bの設定
  1762 000007D4 BAA600                      mov dx, MPSC1_B_CTRL
  1763 000007D7 EE                          out dx, al
  1764 000007D8 BAAE00                      mov dx, MPSC2_B_CTRL
  1765 000007DB EE                          out dx, al
  1766                                          
  1767 000007DC B028                        mov al, 0x28             ; MPSC#1のベクタ設定
  1768 000007DE BAA600                      mov dx, MPSC1_B_CTRL
  1769 000007E1 EE                          out dx, al
  1770                                          
  1771 000007E2 B030                        mov al, 0x30             ; MPSC#2のベクタ設定
  1772 000007E4 BAAE00                      mov dx, MPSC2_B_CTRL
  1773 000007E7 EE                          out dx, al
  1774                                  
  1775                                      ; =========================================================
  1776                                      ; Phase 14: CR1B - 割り込み/DMA設定
  1777                                      ; CR1B = 0x00: D4-D3=0(受信割り込み完全禁止)
  1778                                      ;             D2=0(固定ベクタ)
  1779                                      ;             D1=0(送信割り込み禁止), D0=0(外部割り込み禁止)
  1780                                      ; =========================================================
  1781 000007E8 B001                        mov al, 1             ; CR1Bの設定
  1782 000007EA BAA600                      mov dx, MPSC1_B_CTRL
  1783 000007ED EE                          out dx, al
  1784 000007EE BAAE00                      mov dx, MPSC2_B_CTRL
  1785 000007F1 EE                          out dx, al
  1786                                     
  1787 000007F2 B000                        mov al, 0x00             ; ベクタ修飾無効、Bチャネル全割り込み禁止
  1788 000007F4 BAA600                      mov dx, MPSC1_B_CTRL
  1789 000007F7 EE                          out dx, al
  1790 000007F8 BAAE00                      mov dx, MPSC2_B_CTRL
  1791 000007FB EE                          out dx, al
  1792                                   
  1793                                      ; =========================================================
  1794                                      ; Phase 15: CR11B - 外部ステータス割り込み要因設定
  1795                                      ; CR11 = 0h : すべての拡張E/S割り込み要因を完全に禁止する
  1796                                      ; =========================================================
  1797 000007FC B00B                        mov al, 11              ; CR11Bの設定
  1798 000007FE BAA600                      mov dx, MPSC1_B_CTRL
  1799 00000801 EE                          out dx, al
  1800 00000802 BAAE00                      mov dx, MPSC2_B_CTRL
  1801 00000805 EE                          out dx, al
  1802                                  
  1803 00000806 B000                        mov al, 0x00             ; Bチャネルの外部ステータス割り込み禁止
  1804 00000808 BAA600                      mov dx, MPSC1_B_CTRL
  1805 0000080B EE                          out dx, al
  1806 0000080C BAAE00                      mov dx, MPSC2_B_CTRL
  1807 0000080F EE                          out dx, al
  1808                                      
  1809 00000810 C3                          ret
  1810                                   
  1811                                  ; =============================================================
  1812                                  ; mpsc_write_both（MPSC#1と#2のチャンネルAのみ設定）
  1813                                  ;   入力: AL = レジスタ番号, BL = 書き込み値
  1814                                  ; =============================================================
  1815                                  mpsc_write_both:
  1816 00000811 BAA200                      mov dx, MPSC1_A_CTRL
  1817 00000814 EE                          out dx, al
  1818 00000815 86C3                        xchg al, bl
  1819 00000817 EE                          out dx, al
  1820 00000818 86C3                        xchg al, bl
  1821                                   
  1822 0000081A BAAA00                      mov dx, MPSC2_A_CTRL
  1823 0000081D EE                          out dx, al
  1824 0000081E 86C3                        xchg al, bl
  1825 00000820 EE                          out dx, al
  1826 00000821 86C3                        xchg al, bl
  1827                                   
  1828 00000823 C3                          ret
  1829                                  
  1830                                  ; =================================================================
  1831                                  ; Data
  1832                                  ; =================================================================
  1833 00000824 0D0A2A2A2020563533-     msg_boot: db 0x0D,0x0A,"**  V53 RAM MONITOR for DVE-554 v0.3 2026-05-02  **",0x0D,0x0A,0
  1833 0000082D 2052414D204D4F4E49-
  1833 00000836 544F5220666F722044-
  1833 0000083F 56452D353534207630-
  1833 00000848 2E3320323032362D30-
  1833 00000851 352D303220202A2A0D-
  1833 0000085A 0A00               
  1834 0000085C 4C6F6164204845582E-     msg_load: db "Load HEX...",0
  1834 00000865 2E2E00             
  1835 00000868 4F4B00                  msg_ok:   db "OK",0
  1836 0000086B 476F2100                msg_go:   db "Go!",0
  1837                                  
  1838 0000086F 3E2000                  msg_prompt: db "> ", 0
  1839 00000872 4572726F720D0A00        msg_error:  db "Error", 0x0D, 0x0A, 0
  1840 0000087A 556E6B6E6F776E2063-     msg_unknown:db "Unknown cmd", 0x0D, 0x0A, 0
  1840 00000883 6D640D0A00         
  1841 00000888 56616C3A2000            msg_in_res: db "Val: ", 0
  1842 0000088E 20446F6E650D0A00        msg_done:   db " Done", 0x0D, 0x0A, 0
  1843 00000896 207C2000                msg_bar:    db " | ", 0
  1844 0000089A 436D64733A2044203C-     msg_help:   db "Cmds: D <Seg> <Off>, L <Seg>, G <Seg> <Off>, W <Seg> <Off> <Val>, I <Port>, O <Port> <Val>, S <Start_port> <End_port>, T <Val> ?", 0x0D, 0x0A, 0
  1844 000008A3 5365673E203C4F6666-
  1844 000008AC 3E2C204C203C536567-
  1844 000008B5 3E2C2047203C536567-
  1844 000008BE 3E203C4F66663E2C20-
  1844 000008C7 57203C5365673E203C-
  1844 000008D0 4F66663E203C56616C-
  1844 000008D9 3E2C2049203C506F72-
  1844 000008E2 743E2C204F203C506F-
  1844 000008EB 72743E203C56616C3E-
  1844 000008F4 2C2053203C53746172-
  1844 000008FD 745F706F72743E203C-
  1844 00000906 456E645F706F72743E-
  1844 0000090F 2C2054203C56616C3E-
  1844 00000918 203F0D0A00         
  1845 0000091D 5363616E6E696E6720-     msg_scan_start: db "Scanning I/O (Press any key to abort)...", 0x0D, 0x0A, 0
  1845 00000926 492F4F202850726573-
  1845 0000092F 7320616E79206B6579-
  1845 00000938 20746F2061626F7274-
  1845 00000941 292E2E2E0D0A00     
  1846 00000948 202000                  msg_space:      db "  ", 0
  1847 0000094B 41626F727465642E0D-     msg_abort:      db "Aborted.", 0x0D, 0x0A, 0
  1847 00000954 0A00               
  1848 00000956 5469636B3A2000          msg_tick:   db "Tick: ", 0
  1849                                  
  1850 0000095D 90                      ALIGN 2
  1851                                  
  1852                                  ; 変数
  1853 0000095E 00<rep 40h>             rx_buffer: times RX_BUF_SIZE db 0
  1854 0000099E 0000                    head_ptr: dw 0
  1855 000009A0 0000                    tail_ptr: dw 0
  1856                                  
  1857 000009A2 0000                    dump_seg: dw  0x0000  ; Dump: セグメント保存用
  1858 000009A4 0000                    dump_off: dw  0x0000  ; Dump: オフセット保存用
  1859 000009A6 0000                    load_seg: dw  0x0000  ; Load: ターゲットセグメント
  1860 000009A8 0000                    tick_counter_lo: dw 0x0000  ; Tick: 下位16bit
  1861 000009AA 0000                    tick_counter_hi: dw 0x0000  ; Tick: 上位16bit
  1862                                  
  1863 000009AC 0000                    intsys_flag: dw 0
  1864                                  
  1865                                  ; 割り込みフラグ
  1866 000009AE 0000                    int0x20_flag: dw 0
  1867 000009B0 0000                    int0x21_flag: dw 0
  1868 000009B2 0000                    int0x22_flag: dw 0
  1869 000009B4 0000                    int0x23_flag: dw 0
  1870 000009B6 0000                    int0x24_flag: dw 0
  1871 000009B8 0000                    int0x25_flag: dw 0
  1872 000009BA 0000                    int0x26_flag: dw 0
  1873 000009BC 0000                    int0x27_flag: dw 0
  1874                                  
  1875 000009BE 0000                    int0x28_flag: dw 0
  1876 000009C0 0000                    int0x29_flag: dw 0
  1877 000009C2 0000                    int0x2a_flag: dw 0
  1878 000009C4 0000                    int0x2b_flag: dw 0
  1879 000009C6 0000                    int0x2c_flag: dw 0
  1880 000009C8 0000                    int0x2d_flag: dw 0
  1881 000009CA 0000                    int0x2e_flag: dw 0
  1882 000009CC 0000                    int0x2f_flag: dw 0
  1883                                  
  1884 000009CE 0000                    int0x30_flag: dw 0
  1885 000009D0 0000                    int0x31_flag: dw 0
  1886 000009D2 0000                    int0x32_flag: dw 0
  1887 000009D4 0000                    int0x33_flag: dw 0
  1888 000009D6 0000                    int0x34_flag: dw 0
  1889 000009D8 0000                    int0x35_flag: dw 0
  1890 000009DA 0000                    int0x36_flag: dw 0
  1891 000009DC 0000                    int0x37_flag: dw 0
