     1                                  ; =================================================================
     2                                  ; V53 Monitor System v0.11 2026-02-25
     3                                  ; Target: V53 VME Board & DOSBox-X Simulation
     4                                  ; =================================================================
     5                                  
     6                                  ; --- ビルド方法 ---
     7                                  ; DOSBox: nasm -f bin -dSIM v53_ram_mon.asm -o v53_ram_mon.com -l v53_ram_mon.lst
     8                                  ; Real:   nasm -f bin v53_ram_mon.asm -o v53_ram_mon.bin -l v53_ram_mon.lst
     9                                  ; objcopy -I binary -O ihex --change-addresses=0x0000 v53_ram_mon.bin v53_ram_mon.hex
    10                                  ; -----------------
    11                                  
    12                                  ; ==========================================
    13                                  ; V53 System Register
    14                                  ; ==========================================
    15                                  %define SCTL    0x0FFFE ; システム・コントロール・レジスタ
    16                                  %define OPSEL   0x0FFFD ; 内蔵ペリフェラル選択レジスタ
    17                                  %define OPHA    0x0FFFC ; 内蔵ペリフェラル・リロケーション・レジスタ
    18                                  %define DULA    0x0FFFB ; 
    19                                  %define IULA    0x0FFFA ; ICUリロケーション・レジスタ
    20                                  %define TULA    0x0FFF9 ; TCUリロケーション・レジスタ
    21                                  %define SULA    0x0FFF8 ; SCUリロケーション・レジスタ 
    22                                  %define WCY4    0x0FFF6 ; プログラマブル・ウェイト・サイクル数設定レジスタ4
    23                                  %define WCY3    0x0FFF5 ; プログラマブル・ウェイト・サイクル数設定レジスタ3
    24                                  %define WCY2    0x0FFF4 ; プログラマブル・ウェイト・サイクル数設定レジスタ2
    25                                  %define WMB1    0x0FFF3 ; プログラマブル・ウェイト・メモリ領域設定レジスタ1
    26                                  %define RFC     0x0FFF2 ; リフレッシュ・コントロール・レジスタ
    27                                  %define SBCR    0x0FFF1 ; 
    28                                  %define TCKS    0x0FFF0 ; タイマー・クロック選択レジスタ
    29                                  %define WAC     0x0FFED ; プログラマブル・ウェイト・メモリ・アドレス・コントロール・レジスタ
    30                                  %define WCY0    0x0FFEC ; プログラマブル・ウェイト・サイクル数設定レジスタ0
    31                                  %define WCY1    0x0FFEB ; プログラマブル・ウェイト・サイクル数設定レジスタ1
    32                                  %define WMB0    0x0FFEA ; プログラマブル・ウェイト・メモリ領域設定レジスタ0
    33                                  %define BRC     0x0FFE9 ; ボー・レート・カウンタ
    34                                  %define BADR    0x0FFE1 ; 
    35                                  %define BSEL    0x0FFE0 ; 
    36                                  %define XAM     0x0FF80 ; 
    37                                  %define PGR     0x0FF00 ; 
    38                                  
    39                                  
    40                                  
    41                                  %ifdef SIM
    42                                      ; --- Simulation Mode ---
    43                                      org 0x100
    44                                      cpu 186
    45                                  
    46                                      %define SCU_DATA   0x3F8
    47                                      %define SCU_SST    0x3FD
    48                                      %define TX_READY    0x20                                 
    49                                      %define RX_READY    0x01
    50                                  %else
    51                                      ; --- Real Hardware Mode ---
    52                                      org 0
    53                                      cpu 186
    54                                  
    55                                      ; 旧アドレス
    56                                      ; V53 SCU (1260Hに配置）
    57                                      ;%define SCU_DATA    0x01260 ; 送受データ・レジスタ(R:SRB/W:STB)
    58                                      ;%define SCU_SST     0x01261 ; ステータス・レジスタ(R:SST)
    59                                      ;%define SCU_SCM     0x01261 ; コマンドレジスタ(W:SCM)
    60                                      ;%define SCU_SMD     0x01262 ; シリアルモード設定(W:SMD)
    61                                      ;%define SCU_SIMK    0x01263 ; シリアル割り込みマスクレジスタ(R/W:SIMK)
    62                                      ;%define TX_READY    00000001b   ; TBRDY                                 
    63                                      ;%define RX_READY    00000010b   ; RBRDY
    64                                  
    65                                      ; V53 TCU (1270Hに配置)
    66                                      ;%define TM0_CNT     0x01270 ; Timer 0 Counter
    67                                      ;%define TM1_CNT     0x01271 ; Timer 1 Counter
    68                                      ;%define TM2_CNT     0x01272 ; Timer 2 Counter
    69                                      ;%define TM_CTL      0x01273 ; Timer Control
    70                                  
    71                                      ; V53 ICU (1280Hに配置)
    72                                      ;%define ICU_REG0    0x01280
    73                                      ;%define ICU_REG1    0x01281
    74                                  
    75                                      ; 新アドレス
    76                                      ; V53 SCU (2060Hに配置）
    77                                      %define SCU_DATA    0x02060 ; 送受データ・レジスタ(R:SRB/W:STB)
    78                                      %define SCU_SST     0x02061 ; ステータス・レジスタ(R:SST)
    79                                      %define SCU_SCM     0x02061 ; コマンドレジスタ(W:SCM)
    80                                      %define SCU_SMD     0x02062 ; シリアルモード設定(W:SMD)
    81                                      %define SCU_SIMK    0x02063 ; シリアル割り込みマスクレジスタ(R/W:SIMK)
    82                                      %define TX_READY    00000001b   ; TBRDY                                 
    83                                      %define RX_READY    00000010b   ; RBRDY
    84                                  
    85                                      ; V53 TCU (2070Hに配置)
    86                                      %define TM0_CNT     0x02070 ; Timer 0 Counter
    87                                      %define TM1_CNT     0x02071 ; Timer 1 Counter
    88                                      %define TM2_CNT     0x02072 ; Timer 2 Counter
    89                                      %define TM_CTL      0x02073 ; Timer Control
    90                                  
    91                                      ; V53 ICU (2080Hに配置)
    92                                      %define ICU_REG0    0x02080
    93                                      %define ICU_REG1    0x02081
    94                                  
    95                                      ;-----------------------------------------
    96                                      ; V53 VME Board ペリフェラル
    97                                      ;-----------------------------------------
    98                                      %define USART_DATA  0x00d8  ; μPD71051 (USART)	Data Register
    99                                      %define USART_CMD   0x00da  ; μPD71051 (USART)	Cmd/Status
   100                                  
   101                                      %define PIC_REG0    0x00c8  ; μPD71059 (PIC)	IRR/ISR/IW1/PCFW/MCW	
   102                                      %define PIC_REG1    0x00cA  ; μPD71059 (PIC)	IMR/IW2/IW3/IW4
   103                                  
   104                                      %define PPI_PORTA   0x00e0  ; μPD71055 (PPI)	Port A	
   105                                      %define PPI_PORTB   0x00e2  ; μPD71055 (PPI)	Port B	
   106                                      %define PPI_PORTC   0x00e4	; μPD71055 (PPI)	Port C	
   107                                      %define PPI_CTRL    0x00e6  ; μPD71055 (PPI)	Control
   108                                  %endif
   109                                  
   110                                  section .text
   111                                  
   112                                  start:
   113                                  %ifdef SIM
   114                                      xor ax, ax
   115                                      mov es, ax
   116                                  %else
   117 00000000 FA                          cli             ; 初期化中は割り込み禁止
   118                                  
   119                                      ; ---------------------------------------------
   120                                      ; 1. セグメントレジスタ初期化
   121                                      ; CS=DS=ES を想定
   122                                      ; ---------------------------------------------
   123 00000001 0E                          push cs
   124 00000002 1F                          pop ds
   125 00000003 0E                          push cs
   126 00000004 07                          pop es
   127                                      ; --- 【重要】スタックの初期化 ---
   128                                      ; 現在のCSセグメントの末尾 (FFFEh) にスタックを移動させます。
   129                                      ; これでコード領域との衝突を回避します。
   130 00000005 8CC8                        mov ax, cs
   131 00000007 8ED0                        mov ss, ax
   132 00000009 BCFEFF                      mov sp, 0xFFFE
   133                                      ; ------------------------------
   134                                  
   135                                      ;==============================================
   136                                      ; ABORT (NMI) Handler Setup 
   137                                      ;==============================================
   138                                  Init_NMI:
   139                                      ; ----------------------------------------------------
   140                                      ; 1. 全ベクタ (00h-FFh) をデフォルトハンドラで埋める
   141                                      ;    (予期せぬ割り込みによる暴走を防ぐ安全策)
   142                                      ; ----------------------------------------------------
   143 0000000C 31C0                        xor ax, ax
   144 0000000E 8EC0                        mov es, ax          ; ES = 0000h (Vector Table)
   145 00000010 BF0000                      mov di, 0           ; Offset 0
   146                                  
   147 00000013 B90001                      mov cx, 256         ; 256個のベクタ全てを設定
   148                                  .init_loop:
   149 00000016 B8[B006]                    mov ax, _default_int_unknown_handler ; 共通トラップハンドラ
   150 00000019 AB                          stosw               ; Offset書き込み
   151 0000001A 8CC8                        mov ax, cs
   152 0000001C AB                          stosw               ; Segment書き込み
   153 0000001D E2F7                        loop .init_loop
   154                                  
   155 0000001F 31C0                        xor  ax, ax
   156 00000021 8EC0                        mov  es, ax          ; ES = 0000h
   157                                      
   158                                      ; 専用割り込みベクタを上書き登録 (0 - 5)
   159 00000023 BF0000                      mov  di, 0x0000      ; 0x0 * 4 = 0h
   160 00000026 B8[F605]                    mov  ax, _isr_stub_0
   161 00000029 AB                          stosw
   162 0000002A 8CC8                        mov  ax, cs
   163 0000002C AB                          stosw
   164                                  
   165 0000002D BF0400                      mov  di, 0x0004      ; 0x1 * 4 = 4h
   166 00000030 B8[FA05]                    mov  ax, _isr_stub_1
   167 00000033 AB                          stosw
   168 00000034 8CC8                        mov  ax, cs
   169 00000036 AB                          stosw
   170                                  
   171                                      ; 割り込みベクタテーブル (Vector 2 = NMI) の書き換え
   172 00000037 BF0800                      mov  di, 0x0008      ; Vector 2 Address offset
   173 0000003A B8[1A05]                    mov  ax, NMI_Handler ; ハンドラのアドレス (IP)
   174 0000003D AB                          stosw                ; [0000:0008] = AX
   175 0000003E 8CC8                        mov  ax, cs          ; 現在のCS
   176 00000040 AB                          stosw                ; [0000:000A] = CS
   177                                  
   178 00000041 BF0C00                      mov  di, 0x000c      ; 0x3 * 4 = 0ch
   179 00000044 B8[FF05]                    mov  ax, _isr_stub_3
   180 00000047 AB                          stosw
   181 00000048 8CC8                        mov  ax, cs
   182 0000004A AB                          stosw
   183                                  
   184 0000004B BF1000                      mov  di, 0x0010      ; 0x4 * 4 = 10h
   185 0000004E B8[0406]                    mov  ax, _isr_stub_4
   186 00000051 AB                          stosw
   187 00000052 8CC8                        mov  ax, cs
   188 00000054 AB                          stosw
   189                                  
   190 00000055 BF1400                      mov  di, 0x0014      ; 0x5 * 4 = 14h
   191 00000058 B8[0906]                    mov  ax, _isr_stub_5
   192 0000005B AB                          stosw
   193 0000005C 8CC8                        mov  ax, cs
   194 0000005E AB                          stosw
   195                                  
   196                                      ; ICU割り込みベクタを上書き登録 (0x20 - 0x27)
   197                                      
   198                                      ; Vector 20h (ICU INTP0)
   199 0000005F BF8000                      mov  di, 0x0080      ; 0x20 * 4 = 80h
   200 00000062 B8[0E06]                    mov  ax, _isr_stub_20
   201 00000065 AB                          stosw
   202 00000066 8CC8                        mov  ax, cs
   203 00000068 AB                          stosw
   204                                  
   205                                      ; Vector 21h (ICU INTP1)
   206 00000069 BF8400                      mov  di, 0x0084
   207 0000006C B8[1306]                    mov  ax, _isr_stub_21
   208 0000006F AB                          stosw
   209 00000070 8CC8                        mov  ax, cs
   210 00000072 AB                          stosw
   211                                  
   212                                      ; Vector 22h (ICU INTP2)
   213 00000073 BF8800                      mov  di, 0x0088
   214 00000076 B8[1806]                    mov  ax, _isr_stub_22
   215 00000079 AB                          stosw
   216 0000007A 8CC8                        mov  ax, cs
   217 0000007C AB                          stosw
   218                                  
   219                                      ; Vector 23h (ICU INTP3)
   220 0000007D BF8C00                      mov  di, 0x008C
   221 00000080 B8[1D06]                    mov  ax, _isr_stub_23
   222 00000083 AB                          stosw
   223 00000084 8CC8                        mov  ax, cs
   224 00000086 AB                          stosw
   225                                  
   226                                      ; Vector 24h (ICU INTP4)
   227 00000087 BF9000                      mov  di, 0x0090
   228 0000008A B8[2206]                    mov  ax, _isr_stub_24
   229 0000008D AB                          stosw
   230 0000008E 8CC8                        mov  ax, cs
   231 00000090 AB                          stosw
   232                                  
   233                                      ; Vector 25h (ICU INTP5)
   234 00000091 BF9400                      mov  di, 0x0094
   235 00000094 B8[2706]                    mov  ax, _isr_stub_25
   236 00000097 AB                          stosw
   237 00000098 8CC8                        mov  ax, cs
   238 0000009A AB                          stosw
   239                                  
   240                                      ; Vector 26h (ICU INTP6)
   241 0000009B BF9800                      mov  di, 0x0098
   242 0000009E B8[2C06]                    mov  ax, _isr_stub_26
   243 000000A1 AB                          stosw
   244 000000A2 8CC8                        mov  ax, cs
   245 000000A4 AB                          stosw
   246                                  
   247                                      ; Vector 27h (ICU INTP7 <-- PIC)
   248                                      ; PIC Dispatcher
   249 000000A5 BF9C00                      mov  di, 0x009c      ; Vector 27h Address offset
   250 000000A8 B8[3106]                    mov  ax, _pic_dispatch_handler
   251 000000AB AB                          stosw                ; [0000:009c] = AX
   252 000000AC 8CC8                        mov  ax, cs          ; 現在のCS
   253 000000AE AB                          stosw                ; [0000:009e] = CS
   254                                  
   255                                      ; ---------------------------------------------
   256                                      ; 1.2 メモリウェイト値の設定
   257                                      ; オンボードRAMは35nsなので0Waitで良さそう
   258                                      ; 拡張RAMボードは70nsなので途中1waitの領域も設定
   259                                      ; ROMは70nsなので2waitに、外部I/Oは不明のためとりあえず3waitで
   260                                      ; ---------------------------------------------
   261                                      ; リセット時の値
   262                                      ; WMB0  -111-111  16MBのメモリ空間の上位、下位で8MB
   263                                      ; WMB1  -111-111　1MBメモリ空間の上位、下位で512KB
   264                                      ; WCY0-WCY3 すべて7wait
   265                                      ;
   266 000000AF BAF3FF                      mov dx, WMB1
   267 000000B2 B073                        mov al, 01110011b	; L=512KB(Onboard RAM) M=384KB(VME RAM) H=128KB(Onboard ROM)
   268 000000B4 EE                          out dx, al
   269                                  
   270 000000B5 BAF4FF                      mov dx, WCY2
   271 000000B8 B000                        mov al, 00000000b	; M=0wait L=0wait
   272 000000BA EE                          out dx, al
   273                                  
   274 000000BB BAF5FF                      mov dx, WCY3
   275 000000BE B032                        mov al, 00110010b	; IO=1wait H=1wait
   276 000000C0 EE                          out dx, al
   277                                  
   278                                      ;------------------------------------------
   279                                      ; V53 内蔵ペリフェラルのIOアドレスを設定 (OPHA)
   280                                      ;------------------------------------------
   281 000000C1 BAFCFF                      mov  dx, OPHA ; 内蔵ペリフェラル・リロケーション・レジスタ
   282 000000C4 B020                        mov  al, 0x20 ; 0x20xxに配置
   283 000000C6 EE                          out  dx, al
   284                                      ;------------------------------------------
   285                                      ; ICU レジスタ配置アドレスの設定 (IULA) 0x2080
   286                                      ;------------------------------------------
   287 000000C7 BAFAFF                      mov dx, IULA
   288 000000CA B080                        mov al, 0x80    ; 下位アドレス
   289 000000CC EE                          out dx, al
   290                                      ;------------------------------------------
   291                                      ; TCU レジスタ配置アドレスの設定 (TULA) 0x2070
   292                                      ;------------------------------------------
   293 000000CD BAF9FF                      mov dx, TULA
   294 000000D0 B070                        mov al, 0x70    ; 下位アドレス
   295 000000D2 EE                          out dx, al
   296                                      ;------------------------------------------
   297                                      ; SCU レジスタ配置アドレスの設定 (SULA) 0x2060
   298                                      ;------------------------------------------
   299 000000D3 BAF8FF                      mov dx, SULA
   300 000000D6 B060                        mov al, 0x60    ; 下位アドレス
   301 000000D8 EE                          out dx, al
   302                                      
   303                                      ;------------------------------------------
   304                                      ; V53 内蔵ペリフェラルの有効化 (OPSEL)
   305                                      ; 有効化する前にOPHA,DULA,IULA,TULA,SULAの設定が必要
   306                                      ;------------------------------------------
   307 000000D9 BAFDFF                      mov  dx, OPSEL
   308 000000DC EC                          in   al, dx
   309 000000DD 0C0E                        or   al, 00001110b   ; Bit 1(ICU),Bit 2(TCU),Bit 3(SCU)をセット
   310 000000DF EE                          out  dx, al
   311                                  
   312                                      ;------------------------------------------
   313                                      ; TCUの設定
   314                                      ;------------------------------------------
   315                                      ; 3. TCKS: タイマクロック入力選択
   316                                      ;------------------------------------------
   317 000000E0 BAF0FF                      mov  dx, TCKS
   318 000000E3 B01C                        mov  al, 00011100b   ; Timer1: TCLK端子入力使用
   319 000000E5 EE                          out  dx, al
   320                                  
   321                                      ;------------------------------------------
   322                                      ; 3. タイマー初期化 (Mode 3 / Square Wave)
   323                                      ;------------------------------------------
   324 000000E6 BA7320                      mov  dx, TM_CTL
   325                                  
   326                                      ; --- Timer 0 Setup ---
   327 000000E9 B036                        mov  al, 0x36         ; Mode 3, Binary, LSB/MSB
   328 000000EB EE                          out  dx, al
   329                                      
   330                                      ; --- Timer 1 Setup ---
   331 000000EC B076                        mov  al, 0x76         ; Mode 3, Binary, LSB/MSB
   332 000000EE EE                          out  dx, al
   333                                  
   334                                      ; --- Timer 2 Setup ---
   335 000000EF B0B6                        mov  al, 0xb6         ; Mode 3, Binary, LSB/MSB
   336 000000F1 EE                          out  dx, al
   337                                  
   338                                      ;------------------------------------------
   339                                      ; 4. カウンタ値 (分周比) のロード
   340                                      ;------------------------------------------
   341                                      ; Timer 0 (INTP0)
   342                                      ; 1.2288MHz / 12288 = 100Hz
   343 000000F2 BA7020                      mov  dx, TM0_CNT
   344 000000F5 B000                        mov  al, 0x00
   345 000000F7 EE                          out  dx, al
   346 000000F8 B030                        mov  al, 0x30
   347 000000FA EE                          out  dx, al
   348                                  
   349                                      ; Timer 1 (INTP2)
   350                                      ; 1.2288MHz / 61440 = 20Hz
   351 000000FB BA7120                      mov  dx, TM1_CNT
   352 000000FE B000                        mov  al, 0x00
   353 00000100 EE                          out  dx, al
   354 00000101 B0F0                        mov  al, 0xF0
   355 00000103 EE                          out  dx, al
   356                                  
   357                                      ; Timer 2 (USART Tx/RxCLK)
   358                                      ; 1.2288MHz / 4 = 307.20KHz
   359                                      ; USART CLOCK 19200bps
   360 00000104 BA7220                      mov  dx, TM2_CNT
   361 00000107 B004                        mov  al, 4
   362 00000109 EE                          out  dx, al
   363 0000010A B000                        mov  al, 0
   364 0000010C EE                          out  dx, al
   365                                  
   366                                      ;------------------------------------------
   367                                      ; μPD71051 (USART) 初期化
   368                                      ;------------------------------------------
   369 0000010D B000                        mov al, 0
   370 0000010F E6DA                        out USART_CMD, al
   371                                   
   372 00000111 F7E1                        mul cx              ; wait
   373 00000113 F7E1                        mul cx              ; wait
   374 00000115 E6DA                        out USART_CMD, al
   375                                   
   376 00000117 F7E1                        mul cx              ; wait
   377 00000119 F7E1                        mul cx              ; wait
   378 0000011B E6DA                        out USART_CMD, al
   379                                   
   380 0000011D F7E1                        mul cx              ; wait
   381 0000011F F7E1                        mul cx              ; wait
   382 00000121 B040                        mov al, 0x40        ; reset
   383 00000123 E6DA                        out USART_CMD, al
   384                                   
   385 00000125 F7E1                        mul cx              ; wait
   386 00000127 F7E1                        mul cx              ; wait
   387 00000129 B04E                        mov al, 0x4e        ; set mode
   388 0000012B E6DA                        out USART_CMD, al
   389                                   
   390 0000012D F7E1                        mul cx              ; wait
   391 0000012F F7E1                        mul cx              ; wait
   392 00000131 B037                        mov al, 0x37        ; rx,tx ready
   393 00000133 E6DA                        out USART_CMD, al
   394                                  
   395                                      ;------------------------------------------
   396                                      ; μPD71059 (PIC) 初期化
   397                                      ;------------------------------------------
   398 00000135 B013                        mov al, 13h         ; ICW1: Edge, Single, ICW4 needed
   399 00000137 E6C8                        out PIC_REG0, al
   400                                  
   401 00000139 B020                        mov al, 20h         ; ICW2: Vector Offset = 20h (INT 32)
   402 0000013B E6CA                        out PIC_REG1, al
   403                                                          ; ICW3 is skipped in Single Mode
   404 0000013D B001                        mov al, 01h         ; ICW4: 8086 Mode, Normal EOI
   405 0000013F E6CA                        out PIC_REG1, al
   406                                  
   407 00000141 B0FE                        mov al, 0FEh        ; OCW1: Unmask IR0 (Timer) only. (1111 1110)
   408 00000143 E6CA                        out PIC_REG1, al
   409                                  
   410                                      ;------------------------------------------
   411                                      ; ICUの追加設定
   412                                      ;------------------------------------------
   413                                      ; 3. 割り込みマスクの設定 (Enable INTP7)
   414                                      ;------------------------------------------
   415 00000145 BA8020                      mov dx, ICU_REG0
   416 00000148 B013                        mov al, 13h     ; ICW1: Edge, Single, ICW4 needed
   417 0000014A EE                          out dx, al
   418                                  
   419 0000014B BA8120                      mov dx, ICU_REG1
   420 0000014E B020                        mov al, 20h     ; ICW2: Vector Offset = 20h (INT 32)
   421 00000150 EE                          out dx, al
   422                                                      ; ICW3 is skipped in Single Mode
   423 00000151 B001                        mov al, 01h     ; ICW4: 8086 Mode, Normal EOI
   424 00000153 EE                          out dx, al
   425                                  
   426                                      ; Bit 7 (INTP7) を 0 (許可) にその他は禁止します。
   427 00000154 B07F                        mov al, 7Fh     ; 0111 1111
   428 00000156 EE                          out dx, al
   429                                  
   430                                      ;-------------------------------------------
   431                                      ; 割り込み許可
   432                                      ;-------------------------------------------
   433 00000157 FB                          sti
   434                                  
   435                                   %endif
   436                                  
   437                                      ; 変数初期化 (RAMエリアをクリア)
   438 00000158 C706[5F09]0000              mov word [dump_seg], 0x0000
   439 0000015E C706[6109]0000              mov word [dump_off], 0x0000
   440 00000164 C706[6309]0020              mov word [load_seg], 0x2000
   441                                  
   442                                      ; スタートメッセージの表示
   443 0000016A BE[1207]                    mov si, msg_boot
   444 0000016D E8F002                      call puts
   445                                  
   446                                  ; =================================================================
   447                                  ; Main Loop
   448                                  ; =================================================================
   449                                  monitor_loop:
   450 00000170 B03E                        mov al, '>'
   451 00000172 E8F902                      call putc
   452 00000175 B020                        mov al, ' '
   453 00000177 E8F402                      call putc
   454                                  
   455 0000017A E81303                      call getc_echo  ; コマンド受信（エコーあり）
   456 0000017D 88C3                        mov bl, al
   457                                      
   458 0000017F 80FB64                      cmp bl, 'd'     ; dump command
   459 00000182 747A                        je do_dump
   460 00000184 80FB44                      cmp bl, 'D'
   461 00000187 7475                        je do_dump
   462                                      
   463 00000189 80FB6C                      cmp bl, 'l'     ; load command
   464 0000018C 7503E9D000                  je do_load
   465 00000191 80FB4C                      cmp bl, 'L'
   466 00000194 7503E9C800                  je do_load
   467                                      
   468 00000199 80FB67                      cmp bl, 'g'     ; go command
   469 0000019C 7503E94401                  je do_go
   470 000001A1 80FB47                      cmp bl, 'G'
   471 000001A4 7503E93C01                  je do_go
   472                                  
   473 000001A9 80FB77                      cmp bl, 'w'     ; Write command
   474 000001AC 7503E96001                  je do_write
   475 000001B1 80FB57                      cmp bl, 'W'
   476 000001B4 7503E95801                  je do_write
   477                                  
   478 000001B9 3C69                        cmp al, 'i'     ; Input Port command
   479 000001BB 7503E99401                  je do_in
   480 000001C0 3C49                        cmp al, 'I'
   481 000001C2 7503E98D01                  je do_in
   482                                  
   483 000001C7 3C6F                        cmp al, 'o'     ; Output Port command
   484 000001C9 7503E9AA01                  je do_out
   485 000001CE 3C4F                        cmp al, 'O'
   486 000001D0 7503E9A301                  je do_out
   487                                  
   488 000001D5 3C73                        cmp al, 's'     ; Scan I/O command
   489 000001D7 7503E9C301                  je do_scan
   490 000001DC 3C53                        cmp al, 'S'
   491 000001DE 7503E9BC01                  je do_scan
   492                                  
   493 000001E3 3C74                        cmp al, 't'     ; Scan Timer wait command
   494 000001E5 7503E92702                  je do_timer
   495 000001EA 3C54                        cmp al, 'T'
   496 000001EC 7503E92002                  je do_timer
   497                                  
   498 000001F1 3C3F                        cmp al, '?'     ; Help
   499 000001F3 7503E95C02                  je cmd_help
   500                                  
   501                                      ; 知らないコマンドなら改行して戻る
   502 000001F8 E89E02                      call putc_crlf
   503 000001FB E972FF                      jmp monitor_loop
   504                                  
   505                                  ; =================================================================
   506                                  ; Command: Dump Memory
   507                                  ; Usage:
   508                                  ;   D               -> Dump next 64 bytes
   509                                  ;   D <Seg> <Off>   -> Set address and dump (e.g., D 0000 8000)
   510                                  ; =================================================================
   511                                  do_dump:
   512 000001FE E88F02                      call getc_echo      ; 区切り文字受信 (Space or Enter)
   513 00000201 3C0D                        cmp al, 0x0D        ; Enterならすぐ実行
   514 00000203 7418                        je .dump_run
   515 00000205 3C20                        cmp al, ' '         ; Spaceなら引数解析
   516 00000207 7405                        je .parse_args
   517                                      
   518                                      ; それ以外なら無視して実行へ（またはエラー処理）
   519 00000209 E88D02                      call putc_crlf
   520 0000020C EB12                        jmp .dump_run_start
   521                                  
   522                                  .parse_args:
   523 0000020E E8B602                      call get_hex_word
   524 00000211 A3[5F09]                    mov [dump_seg], ax
   525 00000214 E8F602                      call skip_space
   526 00000217 E8AD02                      call get_hex_word
   527 0000021A A3[6109]                    mov [dump_off], ax
   528                                      ; ここでEnter待ちをするか、そのまま実行するか
   529                                      ; 今回はパラメータ入力後にEnterを押したと仮定して改行
   530                                      
   531                                  .dump_run:
   532 0000021D E87902                      call putc_crlf              ; 実行直前に改行
   533                                  
   534                                  .dump_run_start:
   535 00000220 B90400                      mov cx, 4                   ; 4行表示する
   536                                      
   537                                  .line_loop:
   538 00000223 51                          push cx
   539                                      
   540 00000224 A1[5F09]                    mov ax, [dump_seg]          ; セグメントの表示
   541 00000227 E87802                      call print_hex_word
   542 0000022A B03A                        mov al, ':'                 ; 区切り文字の:を表示
   543 0000022C E83F02                      call putc
   544 0000022F A1[6109]                    mov ax, [dump_off]          ; オフセットの表示
   545 00000232 E86D02                      call print_hex_word
   546 00000235 B020                        mov al, ' '                 ; 区切り文字のスペースを表示
   547 00000237 E83402                      call putc
   548                                  
   549 0000023A 8B36[6109]                  mov si, [dump_off]          ; DS変更前に、モニタ変数からオフセットをSIにロード
   550                                  
   551 0000023E 1E                          push ds                     ; モニタのDSを保存
   552 0000023F 8E1E[5F09]                  mov ds, [dump_seg]          ; DSをターゲットセグメントに変更
   553                                      
   554 00000243 B91000                      mov cx, 16                  ; 16回繰り返すカウンタ
   555                                  .hex_loop:
   556 00000246 8A04                        mov al, [si]
   557 00000248 E85E02                      call print_hex_byte         ; メモリ内容の表示
   558 0000024B B020                        mov al, ' '                 ; 区切り文字のスペースを表示
   559 0000024D E81E02                      call putc
   560 00000250 46                          inc si                      ; 次のアドレスにする
   561 00000251 E2F3                        loop .hex_loop              ; 16回繰り返し    
   562                                  
   563 00000253 1F                          pop ds                      ; DSをモニタ用に戻す
   564                                  
   565 00000254 8936[6109]                  mov [dump_off], si          ; DS復帰後に、SIの値をモニタ変数に保存
   566                                  
   567 00000258 E83E02                      call putc_crlf              ; 改行する
   568 0000025B 59                          pop cx
   569 0000025C E2C5                        loop .line_loop             ; 4回繰り返す
   570                                      
   571 0000025E E90FFF                      jmp monitor_loop            ; モニタのメインルーチンに飛ぶ
   572                                  
   573                                  ; =================================================================
   574                                  ; Command: Load Intel HEX
   575                                  ; Usage:
   576                                  ;   L           -> Load to default segment (load_seg)
   577                                  ;   L <Seg>     -> Set segment and Load (e.g., L 2000)
   578                                  ; =================================================================
   579                                  do_load:
   580                                      ; 一時的に ES をロード先にするため、デフォルト値をAXへ退避
   581 00000261 A1[6309]                    mov ax, [load_seg]
   582 00000264 06                          push es             ; RAM用ESを保存
   583 00000265 50                          push ax             ; デフォルトセグメントを保存
   584                                      
   585 00000266 E82702                      call getc_echo
   586 00000269 3C20                        cmp al, ' '         ; スペースがあればパラメタ付きと判断
   587 0000026B 7402                        je .parse_seg
   588 0000026D EB05                        jmp .start_load
   589                                  
   590                                  .parse_seg:
   591 0000026F 58                          pop ax              ; 不要になったデフォルトを捨てる
   592 00000270 E85402                      call get_hex_word   ; 新しいセグメント取得
   593 00000273 50                          push ax             ; 保存
   594                                  
   595                                  .start_load:
   596 00000274 E82202                      call putc_crlf      ; メッセージ表示前に改行
   597 00000277 BE[3F07]                    mov si, msg_load    ; ロード開始メッセージを表示
   598 0000027A E8E301                      call puts
   599                                      
   600 0000027D 58                          pop ax
   601 0000027E 8EC0                        mov es, ax          ; ロード先をESに設定
   602                                      
   603                                      ; ターゲット表示
   604 00000280 E81F02                      call print_hex_word ; ESの値を表示
   605 00000283 B03A                        mov al, ':'         ; 区切り文字を表示
   606 00000285 E8E601                      call putc
   607 00000288 B030                        mov al, '0'         ; 本来は0000だが、0と簡易表示
   608 0000028A E8E101                      call putc
   609 0000028D E80902                      call putc_crlf
   610                                  
   611                                  .wait_record:
   612 00000290 E8EE01                      call getc           ; 開始文字を待つ
   613 00000293 3C3A                        cmp al, ':'
   614 00000295 75F9                        jne .wait_record
   615                                  
   616 00000297 E85202                      call get_hex_byte   ; データ長を読み込み
   617 0000029A 88C1                        mov cl, al          ; データ長をcxレジスタに設定
   618 0000029C B500                        mov ch, 0
   619                                      
   620 0000029E E84B02                      call get_hex_byte   ; 上位アドレスを読み込み
   621 000002A1 88C7                        mov bh, al
   622 000002A3 E84602                      call get_hex_byte   ; 下位アドレスを読み込み
   623 000002A6 88C3                        mov bl, al
   624                                      
   625 000002A8 E84102                      call get_hex_byte   ; レコードタイプを読み込み
   626 000002AB 3C01                        cmp al, 01          ; End of File?
   627 000002AD 7422                        je .handle_eof      ; EOFの処理へ
   628 000002AF 3C00                        cmp al, 00          ; Data Record?
   629 000002B1 7523                        jne .skip_line      ; その他はスキップ
   630                                      
   631 000002B3 E312                        jcxz .read_chk      ; データ長がゼロならチェックサム読み込み処理
   632                                      
   633                                  .data_loop:
   634 000002B5 E83402                      call get_hex_byte   ; 1バイト読み取り
   635 000002B8 268807                      mov [es:bx], al     ; ターゲット(ES)へ書き込み
   636 000002BB 43                          inc bx              ; 次のアドレスにする
   637                                      ; --- 追加: 64KBの境界チェック ---
   638 000002BC 7507                        jnz .loop_next      ; bxが0にならなければそのまま
   639 000002BE 8CC0                        mov ax, es          ; bxが0(一周)したら
   640 000002C0 050010                      add ax, 0x1000      ; セグメントを64KB分(0x1000)進める
   641 000002C3 8EC0                        mov es, ax
   642                                      ; -----------------------------
   643                                  
   644                                  .loop_next:
   645 000002C5 E2EE                        loop .data_loop     ; データ長分繰り返す
   646                                      
   647                                  .read_chk:
   648 000002C7 E82202                      call get_hex_byte   ; チェックサム読み取り（読み飛ばし）
   649 000002CA B02E                        mov al, '.'         ; 1行読んだことを示す"."を出力
   650 000002CC E89F01                      call putc
   651 000002CF EBBF                        jmp .wait_record    ; 次のレコード読み取りへ
   652                                  
   653                                  .handle_eof:            ; EOFの場合
   654 000002D1 E81802                      call get_hex_byte   ; チェックサムを読み飛ばす
   655 000002D4 EB02                        jmp .finish         ; 読み込み終了処理へ
   656                                  
   657                                  .skip_line:
   658 000002D6 EBB8                        jmp .wait_record    ; 次のレコード読み込みへ
   659                                  
   660                                  .finish:
   661 000002D8 07                          pop es              ; RAM用ESを復帰
   662 000002D9 E8BD01                      call putc_crlf
   663 000002DC BE[4B07]                    mov si, msg_ok      ; "OK"を表示
   664 000002DF E87E01                      call puts
   665 000002E2 E98BFE                      jmp monitor_loop    ; モニタのメインルーチンに飛ぶ
   666                                  
   667                                  ; =================================================================
   668                                  ; Command: Execute
   669                                  ; Usage:
   670                                  ;   G <Seg> <Off>
   671                                  ; Example: G 1000 0000
   672                                  ; =================================================================
   673                                  do_go:
   674                                      ; Gコマンドは入力後に改行
   675                                      
   676 000002E5 E8A801                      call getc_echo      ; Space?
   677 000002E8 3C20                        cmp al, ' '
   678 000002EA 751F                        jne .go_default     ; 引数なしならリターン(またはエラー)
   679                                      
   680                                      ; 1. セグメント (SSSS) を取得
   681 000002EC E8D801                      call get_hex_word   ; AX = Segment
   682 000002EF 50                          push ax             ; スタックに積む (あとでRETFでCSになる)
   683 000002F0 89C3                        mov bx, ax          ; DS/ES用のために保存しておく
   684                                      
   685                                      ; スペース読み飛ばし (もしあれば)
   686 000002F2 E81802                      call skip_space
   687                                      
   688                                      ; 2. オフセット (OOOO) を取得
   689 000002F5 E8CF01                      call get_hex_word   ; AX = Offset
   690 000002F8 50                          push ax             ; スタックに積む (あとでRETFでIPになる)
   691                                      
   692 000002F9 E89D01                      call putc_crlf      ; 実行前に改行
   693 000002FC BE[4E07]                    mov si, msg_go
   694 000002FF E85E01                      call puts
   695 00000302 E89401                      call putc_crlf
   696                                      
   697                                      ; 3. 実行環境のセットアップ
   698                                      ; ジャンプ先のプログラムのために、DS, ES もセグメントに合わせておくのが親切
   699 00000305 8EDB                        mov ds, bx
   700 00000307 8EC3                        mov es, bx
   701                                  
   702                                      ; 必要なら割り込み禁止 (OSが自分でセットアップするまで黙らせる)
   703 00000309 FA                          cli
   704                                  
   705                                      ; 4. ジャンプ！ (Far Return)
   706                                      ; スタック上の [IP, CS] をポップして、そこへ飛ぶ
   707 0000030A CB                          retf                ; Jump!
   708                                  
   709                                  .go_default:
   710 0000030B E88B01                      call putc_crlf      ; 改行して
   711 0000030E E95FFE                      jmp monitor_loop    ; モニタのメインルーチンに飛ぶ
   712                                  
   713                                  ; ==============================================================
   714                                  ; Command: Write Memory
   715                                  ; Usage:
   716                                  ;   W <Seg> <Off> <Val>
   717                                  ; ==============================================================
   718                                  do_write:    
   719 00000311 E87C01                      call getc_echo      ; Space?
   720 00000314 3C20                        cmp al, ' '
   721 00000316 7403E9F601                  jne error           ; 引数なしならリターン(またはエラー)
   722                                  
   723                                      ; 1. セグメント (SSSS) を取得
   724 0000031B E8A901                      call get_hex_word   ; AX = Segment
   725 0000031E 50                          push ax             ; ターゲットセグメントを保存
   726                                      
   727 0000031F E86E01                      call getc_echo      ; Space?
   728 00000322 3C20                        cmp al, ' '
   729 00000324 7403E9E801                  jne error           ; 引数なしならリターン(またはエラー)
   730                                      
   731                                      ; 2. オフセット (OOOO) を取得
   732 00000329 E89B01                      call get_hex_word   ; AX = Offset
   733 0000032C 50                          push ax             ; ターゲットオフセットを保存
   734                                  
   735 0000032D E86001                      call getc_echo      ; Space?
   736 00000330 3C20                        cmp al, ' '
   737 00000332 7403E9DA01                  jne error           ; 引数なしならリターン(またはエラー)
   738                                  
   739                                      ; 3. 設定データ (VV) を取得
   740 00000337 E89C01                      call get_hex_byte_echo   ; AL = Value
   741                                  
   742 0000033A 5B                          pop bx              ; bx = Offset
   743 0000033B 5A                          pop dx              ; dx = Target Segment
   744                                  
   745                                      ; 次回のDコマンドのためにダンプ位置変数を更新する
   746 0000033C 8916[5F09]                  mov [dump_seg], dx
   747 00000340 891E[6109]                  mov [dump_off], bx
   748                                      
   749 00000344 8EDA                        mov ds, dx          ; DS再設定
   750 00000346 3E8807                      mov [ds:bx], al     ; 書き込み！
   751                                      
   752 00000349 0E                          push cs             ; DSを復帰 (CS=DS前提のモニタなので)
   753 0000034A 1F                          pop ds
   754                                  
   755 0000034B BE[7107]                    mov si, msg_done
   756 0000034E E80F01                      call puts
   757 00000351 E91CFE                      jmp monitor_loop
   758                                  
   759                                  ; ==============================================================
   760                                  ; Command: Input from Port
   761                                  ; Usage:
   762                                  ;   I <Port>
   763                                  ; ==============================================================
   764                                  do_in:
   765 00000354 E83901                      call getc_echo
   766 00000357 3C20                        cmp al, ' '         ; スペースがあればパラメタ付きと判断
   767 00000359 7403E9B301                  jne error           ; パラメタが無い場合はエラー処理へ
   768                                  
   769 0000035E E86601                      call get_hex_word   ; ポートアドレスを取得
   770 00000361 89C2                        mov dx, ax          ; 保存
   771 00000363 EC                          in al, dx           ; I/O Read
   772                                      
   773 00000364 50                          push ax
   774 00000365 E83101                      call putc_crlf      ; メッセージ表示前に改行
   775 00000368 BE[6B07]                    mov si, msg_in_res
   776 0000036B E8F200                      call puts
   777 0000036E 58                          pop ax
   778                                  
   779 0000036F E83701                      call print_hex_byte ; 値を表示
   780                                  
   781 00000372 E82401                      call putc_crlf      ; 改行して
   782 00000375 E9F8FD                      jmp monitor_loop    ; モニタのメインルーチンに飛ぶ
   783                                  
   784                                  ; ==============================================================
   785                                  ; Command: Output to Port
   786                                  ; Usage
   787                                  ;   O <Port> <Val>
   788                                  ; ==============================================================
   789                                  do_out:
   790 00000378 E81501                      call getc_echo
   791 0000037B 3C20                        cmp al, ' '         ; スペースがあればパラメタ付きと判断
   792 0000037D 7403E98F01                  jne error           ; パラメタが無い場合はエラー処理へ
   793                                  
   794 00000382 E84201                      call get_hex_word   ; ポートアドレスを取得
   795 00000385 50                          push ax             ; スタックに積む
   796                                  
   797 00000386 E80701                      call getc_echo
   798 00000389 3C20                        cmp al, ' '         ; スペースがあれば第2パラメタがあると判断
   799 0000038B 750E                        jne error_pop       ; 第2パラメタが無い場合はエラー処理へ
   800                                      
   801 0000038D E84601                      call get_hex_byte_echo   ; 出力値を取得
   802 00000390 5A                          pop dx              ; スタックからDXにセット
   803                                      
   804 00000391 EE                          out dx, al          ; I/O Write
   805                                      
   806 00000392 BE[7107]                    mov si, msg_done    ; DONEを表示。改行付き。
   807 00000395 E8C800                      call puts
   808 00000398 E9D5FD                      jmp monitor_loop    ; モニタのメインルーチンに飛ぶ
   809                                  
   810                                  error_pop:
   811 0000039B 58                          pop ax              ; 使わなかったスタックを捨てる
   812 0000039C E97201                      jmp error
   813                                  
   814                                  ; ==============================================================
   815                                  ; Command: Scan I/O Ports
   816                                  ; Usage:
   817                                  ;   S <Start_port> <End_port>
   818                                  ; Description: Reads ports and prints if value is NOT 0xFF
   819                                  ; ==============================================================
   820                                  do_scan:
   821 0000039F E8EE00                      call getc_echo
   822 000003A2 3C20                        cmp al, ' '         ; スペースがあればパラメタ付きと判断
   823 000003A4 7403E96801                  jne error           ; パラメタが無い場合はエラー処理へ
   824                                  
   825 000003A9 E81B01                      call get_hex_word   ; スタートポートアドレスを取得
   826 000003AC 89C3                        mov bx, ax          ; BX = Start Address
   827                                      
   828 000003AE E8DF00                      call getc_echo
   829 000003B1 3C20                        cmp al, ' '         ; スペースがあれば第2パラメタがあると判断
   830 000003B3 75E6                        jne error_pop       ; 第2パラメタが無い場合はエラー処理へ
   831                                  
   832 000003B5 E80F01                      call get_hex_word   ; エンドポートアドレスを取得
   833 000003B8 89C1                        mov cx, ax          ; CX = End Address
   834                                  
   835 000003BA 39CB                        cmp bx, cx          ; 開始 > 終了 ならエラー終了
   836 000003BC 7603E95001                  ja error
   837                                  
   838 000003C1 E8D500                      call putc_crlf
   839 000003C4 BE[0008]                    mov si, msg_scan_start
   840 000003C7 E89600                      call puts
   841                                  
   842                                  .scan_loop:
   843 000003CA 89DA                        mov dx, bx          ; DXにポートアドレス設定
   844 000003CC EC                          in al, dx           ; I/O Read
   845                                  
   846 000003CD 3CFF                        cmp al, 0xFF        ; 0xFF (Empty Bus) なら表示しない
   847 000003CF 741D                        je .next_port
   848                                  
   849 000003D1 50                          push ax             ; Readした値をスタックに保存
   850                                  
   851                                      ; --- 有効な値が見つかった場合の表示 ---
   852                                      ; [Port]: Value
   853 000003D2 89D8                        mov ax, bx
   854 000003D4 E8CB00                      call print_hex_word ; ポートアドレスの表示
   855 000003D7 B03A                        mov al, ':'
   856 000003D9 E89200                      call putc
   857 000003DC B020                        mov al, ' '
   858 000003DE E88D00                      call putc
   859                                      
   860 000003E1 58                          pop ax
   861 000003E2 E8C400                      call print_hex_byte ; Readした値の表示
   862                                      
   863 000003E5 BE[2B08]                    mov si, msg_space   ; "  "
   864 000003E8 E87500                      call puts
   865                                  
   866                                      ; 1行に見やすく並べるため、適当な間隔で改行を入れる等の工夫も可能ですが
   867                                      ; ここでは単純にリスト形式で改行します
   868 000003EB E8AB00                      call putc_crlf
   869                                  
   870                                  .next_port:
   871 000003EE 43                          inc bx              ; 次のアドレスへ
   872                                      
   873                                      ; キー入力チェック（長いスキャンを中断できるようにする）
   874 000003EF BA6120                      mov dx, SCU_SST
   875 000003F2 EC                          in al, dx
   876 000003F3 A802                        test al, RX_READY   ; RxRDY?
   877 000003F5 750D                        jnz .abort          ; 何かキーが押されたら中断
   878                                  
   879 000003F7 39CB                        cmp bx, cx
   880 000003F9 76CF                        jbe .scan_loop      ; BX <= CX ならループ
   881                                  
   882 000003FB BE[7107]                    mov si, msg_done
   883 000003FE E85F00                      call puts
   884 00000401 E96CFD                      jmp monitor_loop
   885                                  
   886                                  .abort:
   887                                      ; 入力バッファを空読みしておく
   888 00000404 BA6020                      mov dx, SCU_DATA
   889 00000407 EC                          in al, dx
   890 00000408 BE[2E08]                    mov si, msg_abort
   891 0000040B E85200                      call puts
   892 0000040E E95FFD                      jmp monitor_loop
   893                                  
   894                                  ; ==============================================================
   895                                  ; Command: Timer
   896                                  ;   T          -> Show current tick counter (32-bit HEX)
   897                                  ;   T <val>    -> Wait for <val> ticks (10ms unit)
   898                                  ; ==============================================================
   899                                  do_timer:
   900 00000411 E87C00                      call getc_echo      ; コマンド('T')の次の文字を取得
   901 00000414 3C0D                        cmp al, 0x0D        ; Enterキー(CR)なら表示モードへ
   902 00000416 7421                        je .show_counter
   903 00000418 3C20                        cmp al, ' '         ; スペースならWaitモードへ
   904 0000041A 7403E9F200                  jne error           ; それ以外はエラー
   905                                  
   906                                      ; --- Wait Mode (引数あり: T 0064 等) ---
   907 0000041F E8A500                      call get_hex_word   ; AX = 待ち時間 (0064h = 1秒)
   908                                  
   909                                      ; 開始時刻を保存 (Start Time)
   910 00000422 8B1E[6509]                  mov bx, [tick_counter_lo]
   911                                  
   912                                  .wait_loop:
   913                                      ; 1. 現在時刻を取得
   914 00000426 8B0E[6509]                  mov cx, [tick_counter_lo]
   915                                      
   916                                      ; 2. 経過時間を計算 (Current - Start)
   917                                      ; オーバーフローしても、この引き算の結果は正しい経過時間になる
   918 0000042A 29D9                        sub cx, bx          
   919                                      
   920                                      ; 3. 経過時間 < 待ち時間 ならループ継続
   921 0000042C 39C1                        cmp cx, ax
   922 0000042E 72F6                        jb .wait_loop       ; Jump if Below (unsigned compare)
   923                                  
   924                                      ; 指定時間経過した
   925 00000430 BE[7107]                    mov si, msg_done
   926 00000433 E82A00                      call puts
   927 00000436 E937FD                      jmp monitor_loop
   928                                  
   929                                  .show_counter:
   930                                      ; --- Show Counter Mode (引数なし: Tのみ) ---
   931 00000439 E85D00                      call putc_crlf
   932                                      
   933 0000043C BE[3908]                    mov si, msg_tick    ; "Tick: "
   934 0000043F E81E00                      call puts
   935                                  
   936                                      ; 32bitカウンタを [High][Low] の順で表示
   937 00000442 A1[6709]                    mov ax, [tick_counter_hi]
   938 00000445 E85A00                      call print_hex_word
   939 00000448 A1[6509]                    mov ax, [tick_counter_lo]
   940 0000044B E85400                      call print_hex_word
   941                                      
   942 0000044E E84800                      call putc_crlf
   943 00000451 E91CFD                      jmp monitor_loop
   944                                  
   945                                  ; ==============================================================
   946                                  ; Command: Help
   947                                  ; ==============================================================
   948                                  cmd_help:
   949 00000454 E84200                      call putc_crlf
   950 00000457 BE[7D07]                    mov si, msg_help
   951 0000045A E80300                      call puts
   952 0000045D E910FD                      jmp monitor_loop
   953                                  
   954                                  ; =================================================================
   955                                  ; Utilities
   956                                  ; =================================================================
   957                                  
   958                                  ; 文字列出力
   959                                  puts:
   960 00000460 2E8A04                      mov al, [cs:si]
   961 00000463 08C0                        or al, al
   962 00000465 7406                        jz .ret
   963 00000467 E80400                      call putc
   964 0000046A 46                          inc si
   965 0000046B EBF3                        jmp puts
   966 0000046D C3                      .ret: ret
   967                                  
   968                                  ; 1文字出力
   969                                  putc:
   970 0000046E 52                          push dx
   971 0000046F 50                          push ax
   972 00000470 BA6120                      mov dx, SCU_SST
   973 00000473 EC                      .w: in al, dx
   974 00000474 A801                        test al, TX_READY  ; TX Ready?
   975 00000476 74FB                        jz .w
   976 00000478 BA6020                      mov dx, SCU_DATA
   977 0000047B 58                          pop ax
   978 0000047C 50                          push ax
   979 0000047D EE                          out dx, al
   980 0000047E 58                          pop ax
   981 0000047F 5A                          pop dx
   982 00000480 C3                          ret
   983                                  
   984                                  ; 1文字入力
   985                                  getc:
   986 00000481 52                          push dx
   987 00000482 BA6120                      mov dx, SCU_SST
   988 00000485 EC                      .w: in al, dx
   989 00000486 A802                        test al, RX_READY  ; RX Ready?
   990 00000488 74FB                        jz .w
   991 0000048A BA6020                      mov dx, SCU_DATA
   992 0000048D EC                          in al, dx
   993 0000048E 5A                          pop dx
   994 0000048F C3                          ret
   995                                  
   996                                  ; 1文字入力　エコーバックあり
   997                                  getc_echo:
   998 00000490 E8EEFF                      call getc
   999 00000493 50                          push ax
  1000 00000494 E8D7FF                      call putc
  1001 00000497 58                          pop ax
  1002 00000498 C3                          ret
  1003                                  
  1004                                  ; 改行出力
  1005                                  putc_crlf:
  1006 00000499 B00D                        mov al, 0x0D
  1007 0000049B E8D0FF                      call putc
  1008 0000049E B00A                        mov al, 0x0A
  1009 000004A0 EBCC                        jmp putc
  1010                                  
  1011                                  ; -----------------------------------------------------------------
  1012                                  ; Helper: 1ワードを4文字のHEXで表示 (例: 0x2F3F -> "2", "F", "3", "F")
  1013                                  ; Input: AX
  1014                                  ; -----------------------------------------------------------------
  1015                                  print_hex_word:
  1016 000004A2 50                          push ax
  1017 000004A3 88E0                        mov al, ah
  1018 000004A5 E80100                      call print_hex_byte
  1019 000004A8 58                          pop ax
  1020                                  
  1021                                  ; -----------------------------------------------------------------
  1022                                  ; Helper: 1バイトを2文字のHEXで表示 (例: 0x3F -> "3", "F")
  1023                                  ; Input: AL
  1024                                  ; -----------------------------------------------------------------
  1025                                  print_hex_byte:
  1026 000004A9 50                          push ax
  1027 000004AA 51                          push cx
  1028                                  
  1029                                      ; 上位バイトの表示
  1030 000004AB 50                          push ax
  1031 000004AC C0E804                      shr al, 4
  1032 000004AF E80900                      call .digit
  1033                                  
  1034                                      ; 下位バイトの表示
  1035 000004B2 58                          pop ax
  1036 000004B3 240F                        and al, 0x0F
  1037 000004B5 E80300                      call .digit
  1038                                  
  1039 000004B8 59                          pop cx
  1040 000004B9 58                          pop ax
  1041 000004BA C3                          ret
  1042                                  
  1043                                  ; 数値を16進数文字に変換して表示 (0-15 -> 0-9, A-F)
  1044                                  .digit:
  1045 000004BB 0430                        add al, '0'
  1046 000004BD 3C39                        cmp al, '9'
  1047 000004BF 7602                        jbe .p
  1048 000004C1 0407                        add al, 7
  1049 000004C3 E8A8FF                  .p: call putc
  1050 000004C6 C3                          ret
  1051                                  
  1052                                  ; -----------------------------------------------------------------
  1053                                  ; Helper: 4文字のHEXを受信して1ワード(16bit)の数値にする
  1054                                  ; Input:  Serial (例: "1", "0", "0", "0")
  1055                                  ; Output: AX = 0x1000
  1056                                  ; -----------------------------------------------------------------
  1057                                  get_hex_word:
  1058 000004C7 53                          push bx
  1059 000004C8 E80B00                      call get_hex_byte_echo
  1060 000004CB 88C7                        mov bh, al
  1061 000004CD E80600                      call get_hex_byte_echo
  1062 000004D0 88C3                        mov bl, al
  1063 000004D2 89D8                        mov ax, bx
  1064 000004D4 5B                          pop bx
  1065 000004D5 C3                          ret
  1066                                  
  1067                                  ; 16進数2桁入力　エコーバック有り
  1068                                  get_hex_byte_echo:
  1069 000004D6 53                          push bx
  1070 000004D7 E8B6FF                      call getc_echo
  1071 000004DA E82500                      call hex_char_to_bin
  1072 000004DD C0E004                      shl al, 4
  1073 000004E0 88C3                        mov bl, al
  1074 000004E2 E8ABFF                      call getc_echo
  1075 000004E5 E81A00                      call hex_char_to_bin
  1076 000004E8 08D8                        or al, bl
  1077 000004EA 5B                          pop bx
  1078 000004EB C3                          ret
  1079                                  
  1080                                  ; -----------------------------------------------------------------
  1081                                  ; Helper: 2文字のHEXを受信して1バイトの数値にする
  1082                                  ; Input:  Serial (例: "3", "F")
  1083                                  ; Output: AL = 0x3F
  1084                                  ; -----------------------------------------------------------------
  1085                                  get_hex_byte:
  1086 000004EC 53                          push bx             ; BH/BLを使うので退避（メインでアドレス用に使ってるため重要）
  1087                                  
  1088                                      ; 上位4bit
  1089 000004ED E891FF                      call getc
  1090 000004F0 E80F00                      call hex_char_to_bin
  1091 000004F3 C0E004                      shl al, 4
  1092 000004F6 88C3                        mov bl, al          ; 一時保存
  1093                                      
  1094                                      ; 下位4bit
  1095 000004F8 E886FF                      call getc
  1096 000004FB E80400                      call hex_char_to_bin
  1097 000004FE 08D8                        or al, bl           ; 上位を合成して結果はALへ
  1098 00000500 5B                          pop bx
  1099 00000501 C3                          ret
  1100                                  
  1101                                  ; -----------------------------------------------------------------
  1102                                  ; Helper: ASCII文字を数値へ (0-9, A-F -> 0-15)
  1103                                  ; Input: AL (ASCII)
  1104                                  ; Output: AL (Binary)
  1105                                  ; -----------------------------------------------------------------
  1106                                  hex_char_to_bin:
  1107 00000502 2C30                        sub al, '0'
  1108 00000504 3C09                        cmp al, 9
  1109 00000506 7604                        jbe .done
  1110 00000508 2C07                        sub al, 7           ; 'A'-'F'対応
  1111 0000050A 240F                        and al, 0x0F        ; 小文字対応も含めてざっくりマスク
  1112                                  .done:
  1113 0000050C C3                          ret
  1114                                  
  1115                                  ; -----------------------------------------------------------------
  1116                                  ; Helper: スペースなどを読み飛ばす
  1117                                  ; -----------------------------------------------------------------
  1118                                  skip_space:
  1119 0000050D E880FF                      call getc_echo
  1120 00000510 C3                          ret
  1121                                  
  1122                                  ; -----------------------------------------------------------------
  1123                                  ; Helper: エラーメッセージ出力後モニタに戻る
  1124                                  ; -----------------------------------------------------------------
  1125                                  error:
  1126 00000511 BE[5507]                    mov si, msg_error
  1127 00000514 E849FF                      call puts
  1128 00000517 E956FC                      jmp monitor_loop
  1129                                  
  1130                                  ;==========================================================
  1131                                  ; NMI (ABORT) Handler
  1132                                  ;==========================================================
  1133                                  
  1134                                  NMI_Handler:
  1135                                      ; 1. 全レジスタを退避 (V53は80186互換なのでPUSHAが使えます)
  1136 0000051A 60                          pusha               ; DI, SI, BP, SP, BX, DX, CX, AX の順でPush
  1137 0000051B 1E                          push ds
  1138 0000051C 06                          push es
  1139                                  
  1140                                      ; 2. セグメントをモニタ用に設定 (表示ルーチンを使うため)
  1141 0000051D 8CC8                        mov  ax, cs
  1142 0000051F 8ED8                        mov  ds, ax
  1143 00000521 8EC0                        mov  es, ax
  1144                                  
  1145                                      ; 3. スタックフレームへのポインタ設定
  1146 00000523 89E5                        mov  bp, sp
  1147                                  
  1148                                      ; --- 画面表示 ---
  1149 00000525 BE[4008]                    mov  si, msg_nmi
  1150 00000528 E835FF                      call puts           ; " *** ABORT INTERRUPT ***"
  1151                                  
  1152                                      ; 3. レジスタ表示 (スタックから読み出して表示)
  1153                                      ; Stack Layout after pushes:
  1154                                      ; BP+0: ES
  1155                                      ; BP+2: DS
  1156                                      ; BP+4: DI
  1157                                      ; BP+6: SI
  1158                                      ; BP+8: BP (Old)
  1159                                      ; BP+10: SP (Original)
  1160                                      ; BP+12: BX
  1161                                      ; BP+14: DX
  1162                                      ; BP+16: CX
  1163                                      ; BP+18: AX
  1164                                      ; BP+20: IP (Return Addr)
  1165                                      ; BP+22: CS (Return Addr)
  1166                                      ; BP+24: Flags
  1167                                      
  1168                                      ; AX
  1169 0000052B BE[5808]                    mov  si, msg_ax
  1170 0000052E E82FFF                      call puts
  1171 00000531 8B4612                      mov  ax, [bp+18]        ; PUSHAで保存されたAX
  1172 00000534 E86BFF                      call print_hex_word     ; 4桁HEX表示ルーチン
  1173                                  
  1174                                      ; BX
  1175 00000537 BE[5D08]                    mov  si, msg_bx
  1176 0000053A E823FF                      call puts
  1177 0000053D 8B460C                      mov  ax, [bp+12]
  1178 00000540 E85FFF                      call print_hex_word
  1179                                  
  1180                                      ; CX
  1181 00000543 BE[6208]                    mov  si, msg_cx
  1182 00000546 E817FF                      call puts
  1183 00000549 8B4610                      mov  ax, [bp+16]
  1184 0000054C E853FF                      call print_hex_word
  1185                                  
  1186                                      ; DX
  1187 0000054F BE[6708]                    mov  si, msg_dx
  1188 00000552 E80BFF                      call puts
  1189 00000555 8B460E                      mov  ax, [bp+14]
  1190 00000558 E847FF                      call print_hex_word
  1191                                  
  1192 0000055B E83BFF                      call putc_crlf
  1193                                  
  1194                                      ; --- 中断地点 (CS:IP) の表示 ---
  1195                                      ; PUSHA(16byte) + DS(2) + ES(2) = 20byte
  1196                                      ; その上が割り込み発生時の IP, CS, Flags です
  1197                                      
  1198 0000055E BE[6C08]                    mov  si, msg_addr
  1199 00000561 E8FCFE                      call puts           ; " Stop at "
  1200 00000564 8B4616                      mov  ax, [bp+22]    ; Stack上の CS
  1201 00000567 E838FF                      call print_hex_word
  1202 0000056A B03A                        mov  al, ':'
  1203 0000056C E8FFFE                      call putc
  1204 0000056F 8B4614                      mov  ax, [bp+20]    ; Stack上の IP
  1205 00000572 E82DFF                      call print_hex_word
  1206                                  
  1207 00000575 E821FF                      call putc_crlf
  1208                                  
  1209                                      ; 4. 復帰処理
  1210                                      ; ここでモニタのコマンド待ちへ強制ジャンプします
  1211                                      ; (レジスタはスタックに残ったままになりますが、モニタ再起動でリセットされる前提)
  1212 00000578 E985FA                      jmp  start  ; モニタの開始ラベルへ
  1213                                  
  1214                                  ; ==========================================================
  1215                                  ; Default Interrupt Handler (Trap for unused interrupts)
  1216                                  ; ==========================================================
  1217                                  
  1218                                  ; --- 共通処理部 (Common Handler) ---
  1219                                  _default_int_handler:
  1220                                      ; 1. 全レジスタを退避 (V53は80186互換なのでPUSHAが使えます)
  1221 0000057B 55                          push bp
  1222 0000057C 60                          pusha               ; DI, SI, BP, SP, BX, DX, CX, AX の順でPush
  1223 0000057D 1E                          push ds
  1224 0000057E 06                          push es
  1225                                  
  1226                                      ; 2. セグメントをモニタ用に設定 (表示ルーチンを使うため)
  1227 0000057F 8CC8                        mov  ax, cs
  1228 00000581 8ED8                        mov  ds, ax
  1229 00000583 8EC0                        mov  es, ax
  1230                                  
  1231                                      ; 3. スタックフレームへのポインタ設定
  1232 00000585 89E5                        mov  bp, sp
  1233                                  
  1234                                      ; --- メッセージ表示 ---
  1235 00000587 BE[7E08]                    mov  si, msg_int_trap
  1236 0000058A E8D3FE                      call puts           ; "** INT "
  1237                                  
  1238                                      ; --- ベクタ番号の表示 ---
  1239                                      ; スタック構造:
  1240                                      ; [BP+0] Old BP
  1241                                      ; [BP+2] Vector Number (スタブでPUSHした値: 16bit)
  1242                                      ; [BP+4] Return IP ...
  1243                                      
  1244 0000058D 8B4602                      mov  ax, [bp+2]     ; ベクタ番号を取得
  1245 00000590 E816FF                      call print_hex_byte ; 表示 (例: 25)
  1246                                  
  1247 00000593 BE[8608]                    mov  si, msg_detected
  1248 00000596 E8C7FE                      call puts           ; " detected **" (改行含む)
  1249                                  
  1250                                  ; 3. レジスタ表示 (スタックから読み出して表示)
  1251                                      ; Stack Layout after pushes:
  1252                                      ; BP+0: ES
  1253                                      ; BP+2: DS
  1254                                      ; BP+4: DI
  1255                                      ; BP+6: SI
  1256                                      ; BP+8: BP (Old)
  1257                                      ; BP+10: SP (Original)
  1258                                      ; BP+12: BX
  1259                                      ; BP+14: DX
  1260                                      ; BP+16: CX
  1261                                      ; BP+18: AX
  1262                                      ; BP+20: IP (Return Addr)
  1263                                      ; BP+22: CS (Return Addr)
  1264                                      ; BP+24: Flags
  1265                                      
  1266                                      ; AX
  1267 00000599 BE[5808]                    mov  si, msg_ax
  1268 0000059C E8C1FE                      call puts
  1269 0000059F 8B4612                      mov  ax, [bp+18]        ; PUSHAで保存されたAX
  1270 000005A2 E8FDFE                      call print_hex_word     ; 4桁HEX表示ルーチン
  1271                                  
  1272                                      ; BX
  1273 000005A5 BE[5D08]                    mov  si, msg_bx
  1274 000005A8 E8B5FE                      call puts
  1275 000005AB 8B460C                      mov  ax, [bp+12]
  1276 000005AE E8F1FE                      call print_hex_word
  1277                                  
  1278                                      ; CX
  1279 000005B1 BE[6208]                    mov  si, msg_cx
  1280 000005B4 E8A9FE                      call puts
  1281 000005B7 8B4610                      mov  ax, [bp+16]
  1282 000005BA E8E5FE                      call print_hex_word
  1283                                  
  1284                                      ; DX
  1285 000005BD BE[6708]                    mov  si, msg_dx
  1286 000005C0 E89DFE                      call puts
  1287 000005C3 8B460E                      mov  ax, [bp+14]
  1288 000005C6 E8D9FE                      call print_hex_word
  1289                                  
  1290 000005C9 E8CDFE                      call putc_crlf
  1291                                  
  1292                                      ; --- 中断地点 (CS:IP) の表示 ---
  1293                                      ; PUSHA(16byte) + DS(2) + ES(2) = 20byte
  1294                                      ; その上が割り込み発生時の IP, CS, Flags です
  1295                                      
  1296 000005CC BE[6C08]                    mov  si, msg_addr
  1297 000005CF E88EFE                      call puts           ; " Stop at "
  1298 000005D2 8B4616                      mov  ax, [bp+22]    ; Stack上の CS
  1299 000005D5 E8CAFE                      call print_hex_word
  1300 000005D8 B03A                        mov  al, ':'
  1301 000005DA E891FE                      call putc
  1302 000005DD 8B4614                      mov  ax, [bp+20]    ; Stack上の IP
  1303 000005E0 E8BFFE                      call print_hex_word
  1304                                  
  1305 000005E3 E8B3FE                      call putc_crlf
  1306                                  
  1307                                      ; --- EOI (End of Interrupt) to PIC, ICU ---
  1308 000005E6 B020                        mov al, 20h         ; Non-specific EOI
  1309 000005E8 E6C8                        out PIC_REG0, al    ; 外部PIC (Slave) の割り込み完了
  1310 000005EA BA8020                      mov dx, ICU_REG0    ; V53内蔵ICU (Master) の割り込み完了
  1311 000005ED EE                          out dx, al
  1312                                  
  1313 000005EE 07                          pop  es
  1314 000005EF 1F                          pop  ds
  1315 000005F0 61                          popa
  1316 000005F1 5D                          pop  bp
  1317 000005F2 83C402                      add  sp, 2          ; スタブでPUSHしたベクタ番号分(2byte)をスタックから捨てる
  1318 000005F5 CF                          iret
  1319                                  
  1320                                  ; --- 各ベクタ用スタブ (Entry Points) ---
  1321                                  ; ベクタ番号をスタックに積んで共通処理へジャンプします
  1322                                  
  1323 000005F6 6A00                    _isr_stub_0:  push 0x0          ; 0: Division by zero
  1324 000005F8 EB81                                  jmp _default_int_handler
  1325 000005FA 6A01                    _isr_stub_1:  push 0x1          ; 1: Break flag
  1326 000005FC E97CFF                                jmp _default_int_handler
  1327                                                                  ; 2: NMI
  1328 000005FF 6A03                    _isr_stub_3:  push 0x3          ; 3: BRK3
  1329 00000601 E977FF                                jmp _default_int_handler
  1330 00000604 6A04                    _isr_stub_4:  push 0x4          ; 4: BRKV
  1331 00000606 E972FF                                jmp _default_int_handler
  1332 00000609 6A05                    _isr_stub_5:  push 0x5          ; 5: CHKIND
  1333 0000060B E96DFF                                jmp _default_int_handler
  1334                                  
  1335 0000060E 6A20                    _isr_stub_20: push 0x0020       ; 32: ICU INTP0
  1336 00000610 E968FF                                jmp _default_int_handler
  1337 00000613 6A21                    _isr_stub_21: push 0x0021       ; 33: ICU INTP1
  1338 00000615 E963FF                                jmp _default_int_handler
  1339 00000618 6A22                    _isr_stub_22: push 0x0022       ; 34: ICU INTP2
  1340 0000061A E95EFF                                jmp _default_int_handler
  1341 0000061D 6A23                    _isr_stub_23: push 0x0023       ; 35: ICU INTP3
  1342 0000061F E959FF                                jmp _default_int_handler
  1343 00000622 6A24                    _isr_stub_24: push 0x0024       ; 36: ICU INTP4
  1344 00000624 E954FF                                jmp _default_int_handler
  1345 00000627 6A25                    _isr_stub_25: push 0x0025       ; 37: ICU INTP5
  1346 00000629 E94FFF                                jmp _default_int_handler
  1347 0000062C 6A26                    _isr_stub_26: push 0x0026       ; 38: ICU INTP6
  1348 0000062E E94AFF                                jmp _default_int_handler
  1349                                  
  1350                                  ; Note: Vector 27h (INTP7) は _pic_dispatch_handler で使用中なのでここには含めません
  1351                                  
  1352                                  ; ==========================================================
  1353                                  ; PIC Dispatch Handler (Vector 27h)
  1354                                  ; Handles: Timer, Serial, SCSI, PPI via PIC uPD71059
  1355                                  ; ==========================================================
  1356                                  _pic_dispatch_handler:
  1357 00000631 60                          pusha
  1358 00000632 1E                          push ds
  1359 00000633 06                          push es
  1360                                  
  1361                                      ; DS設定 (Tiny Model)
  1362 00000634 8CC8                        mov ax, cs
  1363 00000636 8ED8                        mov ds, ax
  1364                                  
  1365                                      ; --- 1. PICのISR (In-Service Register) を読む ---
  1366                                      ; OCW3: 0000_1011 (0x0B) -> RR=1, RIS=1 (Read ISR)
  1367 00000638 B00B                        mov al, 0x0B
  1368 0000063A E6C8                        out PIC_REG0, al
  1369 0000063C E4C8                        in  al, PIC_REG0    ; AL = 現在処理中の割り込みビット (ISR)
  1370                                  
  1371                                      ; --- 2. 要因判定と分岐 ---
  1372                                      
  1373 0000063E A801                        test al, 01h        ; Bit 0: Timer 0 (System Tick)
  1374 00000640 751E                        jnz .handle_timer0
  1375                                  
  1376 00000642 A802                        test al, 02h        ; Bit 1: SCSI
  1377 00000644 7526                        jnz .handle_scsi
  1378                                  
  1379 00000646 A804                        test al, 04h        ; Bit 2: Timer 1
  1380 00000648 752A                        jnz .handle_timer1
  1381                                  
  1382 0000064A A808                        test al, 08h        ; Bit 3: USART Rx
  1383 0000064C 752E                        jnz .handle_usart_rx
  1384                                  
  1385 0000064E A810                        test al, 10h        ; Bit 4: USART Tx
  1386 00000650 7532                        jnz .handle_usart_tx
  1387                                  
  1388 00000652 A820                        test al, 20h        ; Bit 5: SCU Rx
  1389 00000654 7536                        jnz .handle_scu_rx
  1390                                  
  1391 00000656 A840                        test al, 40h        ; Bit 6: SCU Tx
  1392 00000658 753A                        jnz .handle_scu_tx
  1393                                  
  1394 0000065A A880                        test al, 80h        ; Bit 7: PPI
  1395 0000065C 753E                        jnz .handle_ppi
  1396                                  
  1397                                      ; 該当なしの場合は無視
  1398 0000065E EB44                        jmp .eoi_exit
  1399                                  
  1400                                  ; --- 各ハンドラ処理 ---
  1401                                  
  1402                                  .handle_timer0:
  1403                                      ; INTP0: Timer 0 (Tick)
  1404                                      ; --- 32bit カウンタのインクリメント ---
  1405 00000660 FF06[6509]                  inc word [tick_counter_lo]
  1406 00000664 7504                        jnz .skip_carry
  1407 00000666 FF06[6709]                  inc word [tick_counter_hi]
  1408                                  .skip_carry:
  1409 0000066A EB38                        jmp .eoi_exit
  1410                                  
  1411                                  .handle_scsi:
  1412                                      ; INTP1: SCSIC
  1413 0000066C BE[9308]                    mov si, msg_int_scsi
  1414 0000066F E8EEFD                      call puts
  1415 00000672 EB30                        jmp .eoi_exit
  1416                                  
  1417                                  .handle_timer1:
  1418                                      ; INTP2: ユーザ用タイマー
  1419 00000674 BE[AA08]                    mov si, msg_int_timer1
  1420 00000677 E8E6FD                      call puts
  1421 0000067A EB28                        jmp .eoi_exit
  1422                                  
  1423                                  .handle_usart_rx:
  1424                                      ; INTP3: USART受信準備完了割り込み
  1425 0000067C BE[C308]                    mov si, msg_int_usart_rx
  1426 0000067F E8DEFD                      call puts
  1427 00000682 EB20                        jmp .eoi_exit
  1428                                  
  1429                                  .handle_usart_tx:
  1430                                      ; INTP4: USART送信完了割り込み
  1431 00000684 BE[DE08]                    mov si, msg_int_usart_tx
  1432 00000687 E8D6FD                      call puts
  1433 0000068A EB18                        jmp .eoi_exit
  1434                                  
  1435                                  .handle_scu_rx:
  1436                                      ; INTP5: SCU受信準備完了割り込み
  1437 0000068C BE[F908]                    mov si, msg_int_scu_rx
  1438 0000068F E8CEFD                      call puts
  1439 00000692 EB10                        jmp .eoi_exit
  1440                                  
  1441                                  .handle_scu_tx:
  1442                                      ; INTP6: SCU送信完了割り込み
  1443 00000694 BE[1209]                    mov si, msg_int_scu_tx
  1444 00000697 E8C6FD                      call puts
  1445 0000069A EB08                        jmp .eoi_exit
  1446                                  
  1447                                  .handle_ppi:
  1448                                      ; INTP7: PPI割り込み
  1449 0000069C BE[2B09]                    mov si, msg_int_ppi
  1450 0000069F E8BEFD                      call puts
  1451 000006A2 EB00                        jmp .eoi_exit
  1452                                  
  1453                                  ; --- 終了処理 ---
  1454                                  .eoi_exit:
  1455                                      ; --- EOI (End of Interrupt) to PIC ---
  1456 000006A4 B020                        mov al, 20h     ; Non-specific EOI
  1457                                  
  1458                                      ; 外部PIC (Slave) の割り込み完了
  1459 000006A6 E6C8                        out PIC_REG0, al
  1460                                  
  1461                                      ; V53内蔵ICU (Master) の割り込み完了
  1462 000006A8 BA8020                      mov dx, ICU_REG0 
  1463 000006AB EE                          out dx, al
  1464                                  
  1465 000006AC 07                          pop es
  1466 000006AD 1F                          pop ds
  1467 000006AE 61                          popa
  1468 000006AF CF                          iret
  1469                                  
  1470                                  ;--------------------------------------
  1471                                  ; 未定義割り込みベクタ用の簡易トラップ
  1472                                  ;--------------------------------------
  1473                                  _default_int_unknown_handler:
  1474                                      ; 想定外の割り込みが発生したため、
  1475                                      ; 画面に "UNKNOWN INT" と出して停止する
  1476 000006B0 FA                          cli                 ; 多重割り込み禁止
  1477                                  
  1478                                      ; 1. 全レジスタを退避 (V53は80186互換なのでPUSHAが使えます)
  1479 000006B1 60                          pusha               ; DI, SI, BP, SP, BX, DX, CX, AX の順でPush
  1480 000006B2 1E                          push ds
  1481 000006B3 06                          push es
  1482                                  
  1483                                      ; 2. セグメントをモニタ用に設定 (表示ルーチンを使うため)
  1484 000006B4 8CC8                        mov  ax, cs
  1485 000006B6 8ED8                        mov  ds, ax
  1486 000006B8 8EC0                        mov  es, ax
  1487                                  
  1488                                      ; 3. スタックフレームへのポインタ設定
  1489 000006BA 89E5                        mov  bp, sp
  1490                                  
  1491 000006BC BE[4109]                    mov si, msg_unknown_int
  1492 000006BF E89EFD                      call puts
  1493                                  
  1494                                      ; 3. レジスタ表示 (スタックから読み出して表示)
  1495                                      ; Stack Layout after pushes:
  1496                                      ; BP+0: ES
  1497                                      ; BP+2: DS
  1498                                      ; BP+4: DI
  1499                                      ; BP+6: SI
  1500                                      ; BP+8: BP (Old)
  1501                                      ; BP+10: SP (Original)
  1502                                      ; BP+12: BX
  1503                                      ; BP+14: DX
  1504                                      ; BP+16: CX
  1505                                      ; BP+18: AX
  1506                                      ; BP+20: IP (Return Addr)
  1507                                      ; BP+22: CS (Return Addr)
  1508                                      ; BP+24: Flags
  1509                                      
  1510                                      ; AX
  1511 000006C2 BE[5808]                    mov  si, msg_ax
  1512 000006C5 E898FD                      call puts
  1513 000006C8 8B4612                      mov  ax, [bp+18]        ; PUSHAで保存されたAX
  1514 000006CB E8D4FD                      call print_hex_word     ; 4桁HEX表示ルーチン
  1515                                  
  1516                                      ; BX
  1517 000006CE BE[5D08]                    mov  si, msg_bx
  1518 000006D1 E88CFD                      call puts
  1519 000006D4 8B460C                      mov  ax, [bp+12]
  1520 000006D7 E8C8FD                      call print_hex_word
  1521                                  
  1522                                      ; CX
  1523 000006DA BE[6208]                    mov  si, msg_cx
  1524 000006DD E880FD                      call puts
  1525 000006E0 8B4610                      mov  ax, [bp+16]
  1526 000006E3 E8BCFD                      call print_hex_word
  1527                                  
  1528                                      ; DX
  1529 000006E6 BE[6708]                    mov  si, msg_dx
  1530 000006E9 E874FD                      call puts
  1531 000006EC 8B460E                      mov  ax, [bp+14]
  1532 000006EF E8B0FD                      call print_hex_word
  1533                                  
  1534 000006F2 E8A4FD                      call putc_crlf
  1535                                  
  1536                                      ; --- 中断地点 (CS:IP) の表示 ---
  1537                                      ; PUSHA(16byte) + DS(2) + ES(2) = 20byte
  1538                                      ; その上が割り込み発生時の IP, CS, Flags です
  1539                                      
  1540 000006F5 BE[6C08]                    mov  si, msg_addr
  1541 000006F8 E865FD                      call puts           ; " Stop at "
  1542 000006FB 8B4616                      mov  ax, [bp+22]    ; Stack上の CS
  1543 000006FE E8A1FD                      call print_hex_word
  1544 00000701 B03A                        mov  al, ':'
  1545 00000703 E868FD                      call putc
  1546 00000706 8B4614                      mov  ax, [bp+20]    ; Stack上の IP
  1547 00000709 E896FD                      call print_hex_word
  1548                                  
  1549 0000070C E88AFD                      call putc_crlf
  1550                                  
  1551                                      ; 4. 復帰処理
  1552                                      ; ここでモニタのコマンド待ちへ強制ジャンプします
  1553                                      ; (レジスタはスタックに残ったままになりますが、モニタ再起動でリセットされる前提)
  1554 0000070F E9EEF8                      jmp  start  ; モニタの開始ラベルへ
  1555                                  
  1556                                      ; 停止（暴走を防ぐ）
  1557                                  ;.halt:
  1558                                  ;    hlt
  1559                                  ;    jmp .halt
  1560                                  
  1561                                  ; =================================================================
  1562                                  ; Data
  1563                                  ; =================================================================
  1564 00000712 0D0A2A2A2020563533-     msg_boot: db 0x0D,0x0A,"**  V53 RAM MONITOR v0.11 2026-02-25  **",0x0D,0x0A,0
  1564 0000071B 2052414D204D4F4E49-
  1564 00000724 544F522076302E3131-
  1564 0000072D 20323032362D30322D-
  1564 00000736 323520202A2A0D0A00 
  1565 0000073F 4C6F6164204845582E-     msg_load: db "Load HEX...",0
  1565 00000748 2E2E00             
  1566 0000074B 4F4B00                  msg_ok:   db "OK",0
  1567 0000074E 476F2100                msg_go:   db "Go!",0
  1568                                  
  1569 00000752 3E2000                  msg_prompt: db "> ", 0
  1570 00000755 4572726F720D0A00        msg_error:  db "Error", 0x0D, 0x0A, 0
  1571 0000075D 556E6B6E6F776E2063-     msg_unknown:db "Unknown cmd", 0x0D, 0x0A, 0
  1571 00000766 6D640D0A00         
  1572 0000076B 56616C3A2000            msg_in_res: db "Val: ", 0
  1573 00000771 20446F6E650D0A00        msg_done:   db " Done", 0x0D, 0x0A, 0
  1574 00000779 207C2000                msg_bar:    db " | ", 0
  1575 0000077D 436D64733A2044203C-     msg_help:   db "Cmds: D <Seg> <Off>, L <Seg>, G <Seg> <Off>, W <Seg> <Off> <Val>, I <Port>, O <Port> <Val>, S <Start_port> <End_port>, T <Val> ?", 0x0D, 0x0A, 0
  1575 00000786 5365673E203C4F6666-
  1575 0000078F 3E2C204C203C536567-
  1575 00000798 3E2C2047203C536567-
  1575 000007A1 3E203C4F66663E2C20-
  1575 000007AA 57203C5365673E203C-
  1575 000007B3 4F66663E203C56616C-
  1575 000007BC 3E2C2049203C506F72-
  1575 000007C5 743E2C204F203C506F-
  1575 000007CE 72743E203C56616C3E-
  1575 000007D7 2C2053203C53746172-
  1575 000007E0 745F706F72743E203C-
  1575 000007E9 456E645F706F72743E-
  1575 000007F2 2C2054203C56616C3E-
  1575 000007FB 203F0D0A00         
  1576 00000800 5363616E6E696E6720-     msg_scan_start: db "Scanning I/O (Press any key to abort)...", 0x0D, 0x0A, 0
  1576 00000809 492F4F202850726573-
  1576 00000812 7320616E79206B6579-
  1576 0000081B 20746F2061626F7274-
  1576 00000824 292E2E2E0D0A00     
  1577 0000082B 202000                  msg_space:      db "  ", 0
  1578 0000082E 41626F727465642E0D-     msg_abort:      db "Aborted.", 0x0D, 0x0A, 0
  1578 00000837 0A00               
  1579 00000839 5469636B3A2000          msg_tick:   db "Tick: ", 0
  1580                                  
  1581                                  ; --- NMIハンドラメッセージ定義 ---
  1582 00000840 0D0A2A2A2A2041424F-     msg_nmi:  db 0x0D, 0x0A, "*** ABORT (NMI) ***", 0x0D, 0x0A, 0
  1582 00000849 525420284E4D492920-
  1582 00000852 2A2A2A0D0A00       
  1583 00000858 2041583D00              msg_ax:   db " AX=", 0
  1584 0000085D 2042583D00              msg_bx:   db " BX=", 0
  1585 00000862 2043583D00              msg_cx:   db " CX=", 0
  1586 00000867 2044583D00              msg_dx:   db " DX=", 0
  1587 0000086C 2053746F7020617420-     msg_addr: db " Stop at CS:IP = ", 0
  1587 00000875 43533A4950203D2000 
  1588                                  
  1589                                  ; デフォルト割り込みハンドラメッセージ
  1590 0000087E 2A2A20494E542000        msg_int_trap: db "** INT ", 0
  1591 00000886 206465746563746564-     msg_detected: db " detected **", 0
  1591 0000088F 202A2A00           
  1592                                  
  1593                                  ; PICディスパッチハンドラメッセージ
  1594 00000893 2A2A2050494320494E-     msg_int_scsi:       db "** PIC INTP1 SCSI **", 0x0D, 0x0A, 0
  1594 0000089C 545031205343534920-
  1594 000008A5 2A2A0D0A00         
  1595 000008AA 2A2A2050494320494E-     msg_int_timer1:     db "** PIC INTP2 Timer1 **", 0x0D, 0x0A, 0
  1595 000008B3 5450322054696D6572-
  1595 000008BC 31202A2A0D0A00     
  1596 000008C3 2A2A2050494320494E-     msg_int_usart_rx:   db "** PIC INTP3 USART Rx **", 0x0D, 0x0A, 0
  1596 000008CC 545033205553415254-
  1596 000008D5 205278202A2A0D0A00 
  1597 000008DE 2A2A2050494320494E-     msg_int_usart_tx:   db "** PIC INTP4 USART Tx **", 0x0D, 0x0A, 0
  1597 000008E7 545034205553415254-
  1597 000008F0 205478202A2A0D0A00 
  1598 000008F9 2A2A2050494320494E-     msg_int_scu_rx:     db "** PIC INTP5 SCU Rx **", 0x0D, 0x0A, 0
  1598 00000902 545035205343552052-
  1598 0000090B 78202A2A0D0A00     
  1599 00000912 2A2A2050494320494E-     msg_int_scu_tx:     db "** PIC INTP6 SCU Tx **", 0x0D, 0x0A, 0
  1599 0000091B 545036205343552054-
  1599 00000924 78202A2A0D0A00     
  1600 0000092B 2A2A2050494320494E-     msg_int_ppi:        db "** PIC INTP7 PPI **", 0x0D, 0x0A, 0
  1600 00000934 54503720505049202A-
  1600 0000093D 2A0D0A00           
  1601                                  
  1602                                  ; 未定義割り込みハンドラのメッセージ
  1603 00000941 0D0A21212120554E4B-     msg_unknown_int: db 0x0D, 0x0A, "!!! UNKNOWN INTERRUPT !!!", 0x0D, 0x0A, 0
  1603 0000094A 4E4F574E20494E5445-
  1603 00000953 525255505420212121-
  1603 0000095C 0D0A00             
  1604                                  
  1605                                  ; 変数
  1606 0000095F 0000                    dump_seg:   dw  0x0000  ; Dump: セグメント保存用
  1607 00000961 0000                    dump_off:   dw  0x0000  ; Dump: オフセット保存用
  1608 00000963 0000                    load_seg:   dw  0x0000  ; Load: ターゲットセグメント
  1609 00000965 0000                    tick_counter_lo: dw 0x0000  ; Tick: 下位16bit
  1610 00000967 0000                    tick_counter_hi: dw 0x0000  ; Tick: 上位16bit
